"code_insee_com","nom_com","RR_med","NBJRR5_med","NBJRR1_med","NBJRR10_med","Tmin_med","Tmax_med","Tens_vap_med","Force_vent_med","Insolation_med","Rayonnement_med","niveau_vie_median_2021"
11001,"Aigues-Vives",30.5,2,4,1,9.6,17.5,11.2,4.5,3965,14346.5,19590
11002,"Airoux",33.35,3,5.5,1,12.8,24,11.4,4.6,3605,15422,22660
11003,"Ajac",48.2,3,7,1,8.2,19.4,11.75,3.6,3579,14012,20540
11004,"Alaigne",48.2,3,7,1,9,17.4,11.75,3.6,3579,14012,18170
11005,"Alairac",29,1,4,1,9.2,17.9,11.4,4.7,3476,13610,22790
11007,"Albières",61.2,4,8,2,7.6,19.55,10.5,2.9,3389,14179,15540
11008,"Alet-les-Bains",50.35,3,7,1,8.2,19.4,10.6,3.3,3579,14012,19430
11009,"Alzonne",50.45,3,8,1,9.7,18.7,11.4,4.7,3476,13610,19640
11010,"Antugnac",50.35,3,7,1,8,18.4,10.6,3.3,3579,14012,20310
11011,"Aragon",53,3,7,2,9.7,18.7,11.4,4.7,3476,13610,22650
11012,"Argeliers",32.15,2,5,1,10.2,20.5,11,3.9,3965,14346.5,20980
11013,"Argens-Minervois",41.5,3,6,1,9.65,19.5,12.7,5.6,3965,14346.5,21000
11015,"Arques",61.2,4,8,2,7.6,19.55,10.5,2.9,3389,14179,14800
11018,"Arzens",50.45,3,8,1,9.2,17.9,11.4,4.7,3476,13610,22370
11022,"Azille",36.4,2,6,1,10.4,19.5,12.7,5.6,3965,14346.5,19630
11023,"Badens",45.8,3,7,1,9.6,17.5,11.2,4.5,3476,13610,21020
11024,"Bages",30.75,2,4,1,10.7,19.1,12.1,5.3,3965,14346.5,21520
11025,"Bagnoles",46.8,3,7,1,9.6,17.5,11.2,4.5,3476,13610,21220
11026,"Baraigne",33.35,3,5.5,1,12.8,24,11.4,4.6,3605,15422,22360
11027,"Barbaira",39.55,2.5,6,1,9.7,18.5,11.7,4.9,3965,14346.5,19650
11028,"Belcaire",69.65,5,9,2,4.5,14,8.5,2.7,3163,12945,19360
11030,"Belflou",33.35,3,5.5,1,12.8,24,11.7,3,3556,13450,28730
11032,"Bellegarde-du-Razès",48.2,3,7,1,9,17.4,11.75,3.6,3579,14012,19290
11033,"Belpech",49.3,2,2,2,7.85,18.1,11.9,3.3,3371,12963,20740
11034,"Belvèze-du-Razès",40,3,6,1,9,17.4,11.75,3.6,3579,14012,19240
11036,"Belvis",88.9,6,9,3,4.5,14,8.5,2.7,3579,14012,17430
11037,"Berriac",45.8,3,7,1,9.2,17.9,11.4,4.7,3476,13610,17910
11040,"Bizanet",37.5,2,5,1,10.7,19.1,12.1,5.3,3965,14346.5,21900
11041,"Bize-Minervois",38.2,2,5,1,10.2,20.5,11,3.9,3965,14346.5,20550
11042,"Blomac",30.5,2,4,1,9.9,19.4,11.7,4.9,3965,14346.5,20100
11043,"Bouilhonnac",45.8,3,7,1,9.6,17.5,11.2,4.5,3476,13610,24790
11044,"Bouisse",68,5,9,2,6.9,15.95,10.5,2.9,3389,14179,16980
11045,"Bouriège",50.35,3,7,1,8.2,19.4,10.7,4.3,3579,14012,19150
11048,"Boutenac",37.5,2,5,1,10.3,19.6,11.8,5.6,3965,14346.5,21660
11049,"Bram",49.75,3,8,1,9.6,18.8,11.75,3.6,3579,14012,20940
11051,"Brézilhac",44.3,3,7,1,9.6,18.8,11.75,3.6,3579,14012,19800
11052,"Brousses-et-Villaret",60.8,4,8,2,9.7,18.7,10.05,4.4,3476,13610,19310
11053,"Brugairolles",40,3,6,1,9,17.4,11.75,3.6,3579,14012,20530
11054,"Brunels",91,5,10,3,9.2,17.2,12,2.1,3031,12325.5,22730
11055,"Bugarach",68.75,4,8,2,7.6,19.55,10.6,3.3,3389,14179,15230
11056,"Cabrespine",48.9,3,6,2,9.6,17.5,11.2,4.5,3476,13610,18240
11058,"Cailhau",40,3,6,1,9,17.4,11.75,3.6,3579,14012,20940
11059,"Cailhavel",40,3,6,1,9,17.4,11.75,3.6,3579,14012,21460
11061,"Cambieure",40,3,6,1,9,17.4,11.75,3.6,3579,14012,21960
11063,"Campagne-sur-Aude",57,4,8,2,8,18.4,10.6,3.3,3579,14012,19030
11064,"Camplong-d'Aude",41.35,3,6,1,9.9,19.4,11.8,5.6,3965,14346.5,18950
11066,"Camurac",69.65,5,9,2,4.5,14,8.5,2.7,3163,12945,18550
11067,"Canet",33.05,2,5,1,9.65,19.5,12.7,5.6,3965,14346.5,21930
11068,"Capendu",39.55,2.5,6,1,9.7,18.5,11.7,4.9,3965,14346.5,18460
11069,"Carcassonne",46.8,3,7,1,9.2,17.9,11.4,4.7,3476,13610,19240
11070,"Carlipa",55.8,4,8,2,9.6,18.8,11.9,3.7,3652,14069,21870
11071,"Cascastel-des-Corbières",34,2,5,1,9.9,19.8,11.5,3.5,3965,14346.5,19180
11072,"Cassaigne",44.3,3,7,1,9.6,18.8,11.9,3.7,3652,14069,23820
11074,"Cassés",48.5,3,7,1,9.5,17.6,11.4,4.6,3605,15422,22810
11075,"Castans",82.9,5,10,2,9.6,17.5,11.2,4.5,3575,13240,15910
11076,"Castelnaudary",53.3,4,8,2,8.5,17.7,11.9,3.7,3652,14069,19700
11077,"Castelnau-d'Aude",28.4,2,4,1,10.3,19.6,11.8,5.6,3965,14346.5,20980
11078,"Castelreng",60.55,4,8,2,8.2,19.4,10.7,4.3,3579,14012,20680
11079,"Caudebronde",63.1,4,8,2,5.7,14,10.05,4.4,3476,13610,22290
11080,"Val de Lambronne",54.4,4,7,2,8.3,16.4,10.7,4.3,3579,14012,18720
11081,"Caunes-Minervois",48.9,3,6,2,9.6,17.5,11.2,4.5,3476,13610,19950
11084,"Caux-et-Sauzens",46.8,3,7,1,9.2,17.9,11.4,4.7,3476,13610,21620
11085,"Cavanac",29,1,4,1,9.2,17.9,11.4,4.7,3476,13610,22720
11086,"Caves",22.9,1,4,1,17.5,25.2,12.5,6.5,4055,14416,21390
11088,"Cazilhac",46.8,3,7,1,9.2,17.9,11.4,4.7,3476,13610,24670
11089,"Cenne-Monestiés",55.8,4,8,2,9.7,18.7,12,2.1,3031,12325.5,20060
11090,"Cépie",48.5,3,7,1,8.2,19.4,11.4,4.7,3476,13610,21520
11091,"Chalabre",54.4,4,7,2,8.3,16.4,10.7,4.3,3579,14012,18360
11092,"Citou",82.9,5,10,2,9.6,17.5,11.2,4.5,3965,14346.5,13230
11095,"Comigne",41.35,3,6,1,9.9,19.4,11.7,4.9,3965,14346.5,22100
11098,"Conilhac-Corbières",33.65,2,5,1,10.3,19.6,11.8,5.6,3965,14346.5,20410
11099,"Conques-sur-Orbiel",46.8,3,7,1,9.6,17.5,11.2,4.5,3476,13610,21440
11102,"Couffoulens",29,1,4,1,9.2,17.9,11.4,4.7,3476,13610,21510
11103,"Couiza",50.35,3,7,1,8,18.4,10.6,3.3,3579,14012,18500
11105,"Cournanel",50.35,3,7,1,8.2,19.4,10.6,3.3,3579,14012,21970
11110,"Coustouge",36.25,2,6,1,9.9,19.8,11.5,3.5,3965,14346.5,18270
11111,"Cruscades",37.5,2,5,1,10.3,19.6,11.8,5.6,3965,14346.5,20190
11113,"Cucugnan",39.4,2,6,1,8.55,17.65,10.5,2.1,3286,13667.5,21360
11115,"Cuxac-Cabardès",78.05,5.5,9,2.5,5.7,14,10.05,4.4,3031,12325.5,19820
11117,"Davejean",34.4,2,6,1,7.8,16.3,10.5,4.1,3389,14179,13460
11119,"Digne-d'Amont",48.2,3,7,1,8.2,19.4,11.75,3.6,3579,14012,22620
11120,"Digne-d'Aval",48.2,3,7,1,8.2,19.4,11.75,3.6,3579,14012,22620
11122,"Douzens",41.35,3,6,1,9.9,19.4,11.8,5.6,3965,14346.5,20150
11123,"Duilhac-sous-Peyrepertuse",48.8,3,7,1,8.55,17.65,10.5,2.1,3286,13667.5,15780
11124,"Durban-Corbières",33.8,2,5,1,9.9,19.8,11.5,3.5,3965,14346.5,19750
11125,"Embres-et-Castelmaure",33.4,2,5,1,9.9,19.8,11.5,3.5,4099,14633.5,17330
11126,"Escales",33.65,2,5,1,10.3,19.6,11.8,5.6,3965,14346.5,19490
11128,"Escueillens-et-Saint-Just-de-Bélengard",60.55,4,8,2,9,17.4,11.75,3.6,3579,14012,18630
11129,"Espéraza",49.9,3,7,1,8,18.4,10.6,3.3,3579,14012,17820
11130,"Espezel",88.9,6,9,3,4.5,14,8.5,2.7,3579,14012,18040
11131,"Val-du-Faby",57,4,8,2,8,18.4,10.6,3.3,3579,14012,17010
11132,"Fabrezan",36.25,2,6,1,10.3,19.6,11.8,5.6,3965,14346.5,20810
11136,"Fanjeaux",44.3,3,7,1,9.6,18.8,11.75,3.6,3579,14012,19610
11137,"Félines-Termenès",34.4,2,6,1,7.8,16.3,10.5,4.1,3389,14179,13820
11138,"Fendeille",49.75,3,7,1,8.5,17.7,11.9,3.7,3652,14069,22910
11140,"Ferrals-les-Corbières",37.5,2,5,1,10.3,19.6,11.8,5.6,3965,14346.5,20570
11141,"Ferran",40,3,6,1,9,17.4,11.75,3.6,3579,14012,26110
11142,"Festes-et-Saint-André",60.55,4,8,2,8.3,16.4,10.7,4.3,3579,14012,15210
11143,"Feuilla",33.4,2,5,1,17.5,25.2,11.5,3.5,4055,14416,16510
11144,"Fitou",22.9,1,4,1,17.5,25.2,12.5,6.5,4055,14416,20530
11145,"Fleury",31.8,2,5,1,9.5,19.5,11.8,4,4299,14539.5,21060
11146,"Floure",39.55,2.5,6,1,9.7,18.5,11.7,4.9,3476,13610,19470
11148,"Fontcouverte",33.65,2,5,1,10.3,19.6,11.8,5.6,3965,14346.5,21070
11150,"Fontiers-Cabardès",78.05,5.5,9,2.5,5.7,14,10.05,4.4,3031,12325.5,20030
11151,"Fontiès-d'Aude",45.8,3,7,1,9.7,18.5,11.7,4.9,3476,13610,20990
11152,"Fontjoncouse",36.25,2,6,1,9.9,19.8,11.5,3.5,3965,14346.5,18290
11153,"Force",44.3,3,7,1,9.6,18.8,11.75,3.6,3579,14012,21240
11156,"Fraisse-Cabardès",60.8,4,8,2,9.7,18.7,10.05,4.4,3476,13610,20650
11157,"Fraissé-des-Corbières",33.4,2,5,1,9.9,19.8,11.5,3.5,4099,14633.5,16940
11158,"Gaja-et-Villedieu",48.5,3,7,1,8.2,19.4,11.75,3.6,3579,14012,21180
11159,"Gaja-la-Selve",60,4,8,2,11.1,23.8,11.9,3.7,3652,14069,18280
11161,"Gardie",48.5,3,7,1,8.2,19.4,10.5,2.9,3476,13610,20130
11164,"Ginestas",32.15,2,5,1,10.2,20.5,11,3.9,3965,14346.5,21930
11165,"Ginoles",57,4,8,2,8,18.4,10.6,3.3,3579,14012,24170
11167,"Gramazie",40,3,6,1,9,17.4,11.75,3.6,3579,14012,20110
11168,"Granès",49.9,3,7,1,8,18.4,10.6,3.3,3579,14012,18930
11172,"Homps",28.4,2,4,1,9.65,19.5,12.7,5.6,3965,14346.5,17700
11173,"Hounoux",40,3,6,1,9.6,18.8,11.75,3.6,3579,14012,17130
11175,"Issel",65.2,4,8,2,9.2,17.2,11.9,3.7,3652,14069,21860
11178,"Labastide-d'Anjou",33.35,3,5.5,1,12.8,24,11.4,4.6,3605,15422,22110
11181,"Labécède-Lauragais",65.2,4,8,2,9.2,17.2,11.9,3.7,3652,14069,21730
11182,"Lacombe",78.05,5.5,9,2.5,5.7,14,10.05,4.4,3031,12325.5,19740
11183,"Ladern-sur-Lauquet",68,5,9,2,6.9,15.95,10.5,2.9,3476,13610,22170
11185,"Lagrasse",41.35,3,6,1,9.9,19.4,11.7,4.9,3965,14346.5,18810
11188,"Palme",24.5,2,4,1,17.5,25.2,12.5,6.5,4055,14416,21890
11190,"Redorte",36.4,2,6,1,10.4,19.5,11.8,5.6,3965,14346.5,19520
11191,"Laroque-de-Fa",53.7,3,7,2,7.8,16.3,10.5,4.1,3389,14179,15170
11192,"Lasbordes",55.8,4,8,2,9.6,18.8,11.9,3.7,3652,14069,21500
11193,"Lasserre-de-Prouille",44.3,3,7,1,9.6,18.8,11.75,3.6,3579,14012,20820
11194,"Lastours",63.1,4,8,2,9.6,17.5,11.2,4.5,3476,13610,19040
11195,"Laurabuc",49.75,3,7,1,8.5,17.7,11.9,3.7,3652,14069,21570
11196,"Laurac",49.75,3,7,1,8.5,17.7,11.9,3.7,3652,14069,20840
11197,"Lauraguel",48.2,3,7,1,8.2,19.4,11.75,3.6,3579,14012,20430
11198,"Laure-Minervois",48.9,3,6,2,9.6,17.5,11.2,4.5,3476,13610,19840
11199,"Lavalette",29,1,4,1,9.2,17.9,11.4,4.7,3476,13610,22290
11200,"Lespinassière",82.9,5,10,2,9.6,17.5,11.2,4.5,3575,13240,15320
11201,"Leuc",29,1,4,1,9.2,17.9,11.4,4.7,3476,13610,23830
11202,"Leucate",22.9,1,4,1,17.5,25.2,12.5,6.5,4055,14416,21620
11203,"Lézignan-Corbières",33.65,2,5,1,10.3,19.6,11.8,5.6,3965,14346.5,19390
11205,"Limousis",46.8,3,7,1,9.6,17.5,11.2,4.5,3476,13610,21400
11206,"Limoux",48.5,3,7,1,8.2,19.4,10.6,3.3,3579,14012,19790
11207,"Loupia",48.2,3,7,1,9,17.4,11.75,3.6,3579,14012,20480
11209,"Luc-sur-Aude",50.35,3,7,1,8,18.4,10.6,3.3,3579,14012,19590
11210,"Luc-sur-Orbieu",37.5,2,5,1,10.3,19.6,11.8,5.6,3965,14346.5,20630
11211,"Magrie",50.35,3,7,1,8.2,19.4,10.6,3.3,3579,14012,21150
11212,"Mailhac",33.05,2,5,1,9.65,19.5,12.7,3.9,3965,14346.5,19200
11214,"Malras",48.2,3,7,1,8.2,19.4,11.75,3.6,3579,14012,24050
11215,"Malves-en-Minervois",46.8,3,7,1,9.6,17.5,11.2,4.5,3476,13610,23170
11216,"Malviès",48.5,3,7,1,8.2,19.4,11.75,3.6,3579,14012,23580
11217,"Marcorignan",32.15,2,5,1,10.2,20.5,12.1,5.3,3965,14346.5,22020
11220,"Marseillette",30.5,2,4,1,9.7,18.5,11.7,4.9,3965,14346.5,20640
11221,"Martys",126.7,7,11,4,5.7,14,10.05,4.4,3031,12325.5,20170
11222,"Mas-Cabardès",63.1,4,8,2,5.7,14,10.05,4.4,3476,13610,19760
11225,"Mas-Saintes-Puelles",49.75,3,7,1,8.5,17.7,11.9,3.7,3652,14069,22130
11228,"Mazerolles-du-Razès",40,3,6,1,9,17.4,11.75,3.6,3579,14012,19740
11233,"Mirepeisset",32.15,2,5,1,10.2,20.5,11,3.9,3965,14346.5,21260
11234,"Mireval-Lauragais",49.75,3,7,1,8.5,17.7,11.9,3.7,3652,14069,23500
11236,"Molandier",48.5,3,7,1,7.85,18.1,11.9,3.3,3371,12963,23870
11238,"Molleville",33.35,3,5.5,1,12.8,24,11.9,3.7,3652,14069,21800
11240,"Montazels",50.35,3,7,1,8,18.4,10.6,3.3,3579,14012,21150
11241,"Montbrun-des-Corbières",33.65,2,5,1,10.3,19.6,11.8,5.6,3965,14346.5,20910
11242,"Montclar",48.5,3,7,1,9.2,17.9,11.4,4.7,3476,13610,21260
11243,"Montferrand",33.35,3,5.5,1,12.8,24,11.4,4.6,3605,15422,24780
11251,"Val-de-Dagne",56.8,3,7,2,9.7,18.5,11.7,4.9,3965,14346.5,19000
11252,"Montmaur",48.5,3,7,1,9.5,17.6,11.4,4.6,3605,15422,25640
11253,"Montolieu",60.8,4,8,2,9.7,18.7,10.05,4.4,3476,13610,19600
11254,"Montréal",49.75,3,8,1,9.6,18.8,11.75,3.6,3579,14012,21190
11255,"Montredon-des-Corbières",30.75,2,4,1,10.7,19.1,12.1,5.3,3965,14346.5,21540
11256,"Montséret",37.5,2,5,1,10.3,19.6,11.8,5.6,3965,14346.5,22470
11257,"Monze",39.55,2.5,6,1,9.7,18.5,11.7,4.9,3476,13610,20390
11258,"Moussan",30.75,2,4,1,10.7,19.1,12.1,5.3,3965,14346.5,22710
11259,"Moussoulens",60.8,4,8,2,9.7,18.7,11.4,4.7,3476,13610,21820
11260,"Mouthoumet",53.7,3,7,2,7.8,16.3,10.5,4.1,3389,14179,14500
11261,"Moux",41.35,3,6,1,10.3,19.6,11.8,5.6,3965,14346.5,20000
11263,"Nébias",88.9,6,9,3,8.3,16.4,10.7,4.3,3579,14012,17380
11264,"Névian",33.05,2,5,1,10.7,19.1,12.1,5.3,3965,14346.5,22270
11266,"Port-la-Nouvelle",24.5,2,4,1,13.15,20.8,12.5,6.5,4055,14416,19610
11267,"Ornaisons",37.5,2,5,1,10.3,19.6,11.8,5.6,3965,14346.5,21760
11269,"Ouveillan",32.15,2,5,1,10.2,20.5,12.1,5.3,3965,14346.5,20530
11270,"Padern",39.4,2,6,1,8.55,17.65,10.5,2.1,3286,13667.5,16710
11272,"Palaja",45.8,3,7,1,9.2,17.9,11.4,4.7,3476,13610,25100
11273,"Paraza",33.05,2,5,1,9.65,19.5,12.7,5.6,3965,14346.5,20830
11274,"Pauligne",48.2,3,7,1,9,17.4,11.75,3.6,3579,14012,22380
11275,"Payra-sur-l'Hers",49.3,2,2,2,11.1,23.8,11.9,3.7,3652,14069,20290
11276,"Paziols",31.7,2,3,1,8.55,17.65,10.5,2.1,3286,13667.5,17420
11279,"Pennautier",53,3,7,2,9.2,17.9,11.4,4.7,3476,13610,21860
11280,"Pépieux",28.4,2,4,1,10.4,19.5,12.7,5.6,3965,14346.5,19290
11281,"Pexiora",44.3,3,7,1,9.6,18.8,11.9,3.7,3652,14069,19500
11284,"Peyrens",53.3,4,8,2,8.5,17.7,11.9,3.7,3652,14069,22770
11285,"Peyriac-de-Mer",30.75,2,4,1,10.7,19.1,12.1,5.3,3965,14346.5,22410
11286,"Peyriac-Minervois",30.5,2,4,1,9.6,17.5,11.2,4.5,3965,14346.5,19950
11288,"Pezens",50.45,3,8,1,9.7,18.7,11.4,4.7,3476,13610,21210
11289,"Pieusse",48.5,3,7,1,8.2,19.4,11.4,4.7,3476,13610,21460
11290,"Plaigne",49.3,2,2,2,11.1,23.8,11.3,3,3718,13467,20110
11292,"Pomarède",65.2,4,8,2,9.5,17.6,11.4,4.6,3605,15422,22130
11293,"Pomas",48.5,3,7,1,8.2,19.4,11.4,4.7,3476,13610,21670
11295,"Portel-des-Corbières",33.4,2,5,1,9.9,19.8,11.5,3.5,3965,14346.5,21400
11296,"Pouzols-Minervois",33.05,2,5,1,9.65,19.5,12.7,3.9,3965,14346.5,19810
11297,"Pradelles-Cabardès",94.15,5.5,10,3,9.6,17.5,11.2,4.5,3575,13240,18530
11299,"Preixan",29,1,4,1,9.2,17.9,11.4,4.7,3476,13610,20730
11300,"Puginier",53.3,4,8,2,9.5,17.6,11.4,4.6,3605,15422,23750
11301,"Puichéric",30.5,2,4,1,10.4,19.5,11.8,5.6,3965,14346.5,18320
11303,"Puivert",88.9,6,9,3,8.3,16.4,10.7,4.3,3579,14012,18460
11304,"Quillan",57,4,8,2,8,18.4,10.6,3.3,3579,14012,18670
11307,"Raissac-d'Aude",33.05,2,5,1,10.2,20.5,12.1,5.3,3965,14346.5,19780
11308,"Raissac-sur-Lampy",49.75,3,8,1,9.7,18.7,11.4,4.7,3476,13610,21350
11310,"Rennes-les-Bains",61.2,4,8,2,7.6,19.55,10.6,3.3,3389,14179,13460
11311,"Ribaute",41.35,3,6,1,9.9,19.4,11.8,5.6,3965,14346.5,19680
11312,"Ribouisse",51,3,8,1,11.1,23.8,11.9,3.7,3652,14069,20180
11313,"Ricaud",53.3,4,8,2,8.5,17.7,11.9,3.7,3652,14069,23000
11315,"Rieux-Minervois",30.5,2,4,1,10.4,19.5,11.2,4.5,3965,14346.5,19800
11316,"Rivel",88.9,6,9,3,8,19.9,10.7,4.3,3579,14012,17290
11318,"Roquecourbe-Minervois",30.5,2,4,1,10.3,19.6,11.8,5.6,3965,14346.5,21020
11320,"Roquefeuil",69.65,5,9,2,4.5,14,8.5,2.7,3579,14012,19280
11321,"Roquefort-de-Sault",65.2,4,8,2,6.9,16.15,6.9,3.6,3137,12269.5,19060
11322,"Roquefort-des-Corbières",33.4,2,5,1,9.9,19.8,11.5,3.5,4055,14416,21610
11323,"Roquetaillade-et-Conilhac",50.35,3,7,1,8.2,19.4,10.6,3.3,3579,14012,21620
11324,"Roubia",41.5,3,6,1,9.65,19.5,12.7,5.6,3965,14346.5,20470
11325,"Rouffiac-d'Aude",48.5,3,7,1,9.2,17.9,11.4,4.7,3476,13610,20120
11327,"Roullens",29,1,4,1,9.2,17.9,11.4,4.7,3476,13610,22710
11328,"Routier",48.2,3,7,1,9,17.4,11.75,3.6,3579,14012,20030
11330,"Rustiques",45.8,3,7,1,9.6,17.5,11.2,4.5,3476,13610,22920
11332,"Saint-André-de-Roquelongue",37.5,2,5,1,9.9,19.8,11.5,3.5,3965,14346.5,21090
11334,"Sainte-Camelle",55.15,4,7,2,12.8,24,11.9,3.3,3371,12963,22410
11336,"Sainte-Colombe-sur-l'Hers",65.5,4,9,2,8,19.9,11,2.1,3579,14012,18100
11337,"Saint-Couat-d'Aude",30.5,2,4,1,10.3,19.6,11.8,5.6,3965,14346.5,20210
11339,"Saint-Denis",78.05,5.5,9,2.5,9.7,18.7,10.05,4.4,3031,12325.5,20700
11340,"Sainte-Eulalie",50.45,3,8,1,9.7,18.7,11.4,4.7,3476,13610,23940
11341,"Saint-Ferriol",49.9,3,7,1,8,18.4,10.6,3.3,3579,14012,19240
11342,"Saint-Frichoux",30.5,2,4,1,9.6,17.5,11.2,4.5,3965,14346.5,18660
11344,"Saint-Hilaire",68,5,9,2,6.9,15.95,10.5,2.9,3476,13610,21560
11345,"Saint-Jean-de-Barrou",33.4,2,5,1,9.9,19.8,11.5,3.5,4099,14633.5,19920
11346,"Saint-Jean-de-Paracol",88.9,6,9,3,8.3,16.4,10.7,4.3,3579,14012,12260
11351,"Saint-Laurent-de-la-Cabrerisse",34,2,5,1,10.3,19.6,11.8,5.6,3965,14346.5,19900
11353,"Saint-Marcel-sur-Aude",32.15,2,5,1,10.2,20.5,12.1,5.3,3965,14346.5,20990
11355,"Saint-Martin-de-Villereglan",48.5,3,7,1,8.2,19.4,11.75,3.6,3579,14012,25110
11356,"Saint-Martin-Lalande",53.3,4,8,2,8.5,17.7,11.9,3.7,3652,14069,22230
11357,"Saint-Martin-le-Vieil",49.75,3,8,1,9.7,18.7,11.4,4.7,3476,13610,22720
11359,"Saint-Michel-de-Lanès",55.15,4,7,2,12.8,24,11.7,3,3556,13450,24210
11360,"Saint-Nazaire-d'Aude",32.15,2,5,1,10.2,20.5,12.1,5.3,3965,14346.5,21930
11361,"Saint-Papoul",55.8,4,8,2,9.2,17.2,11.9,3.7,3652,14069,21480
11362,"Saint-Paulet",48.5,3,7,1,9.5,17.6,11.4,4.6,3605,15422,21300
11363,"Saint-Pierre-des-Champs",41.35,3,6,1,9.9,19.4,11.7,4.9,3389,14179,20670
11364,"Saint-Polycarpe",50.35,3,7,1,8.2,19.4,10.5,2.9,3476,13610,17440
11366,"Sainte-Valière",33.05,2,5,1,10.2,20.5,12.7,3.9,3965,14346.5,20560
11367,"Saissac",95,6,11,3,9.7,18.7,12,2.1,3031,12325.5,19390
11368,"Sallèles-Cabardès",46.8,3,7,1,9.6,17.5,11.2,4.5,3476,13610,19760
11369,"Sallèles-d'Aude",32.15,2,5,1,10.2,20.5,12.1,5.3,3965,14346.5,21870
11371,"Salles-sur-l'Hers",55.15,4,7,2,12.8,24,11.7,3,3556,13450,21610
11372,"Salsigne",53,3,7,2,5.7,14,10.05,4.4,3476,13610,17800
11378,"Serviès-en-Val",56.8,3,7,2,9.7,18.5,11.7,4.9,3389,14179,20380
11379,"Sigean",24.5,2,4,1,13.15,20.8,12.1,5.3,4055,14416,20690
11380,"Sonnac-sur-l'Hers",54.4,4,7,2,8.3,16.4,10.7,4.3,3579,14012,22030
11382,"Souilhanels",53.3,4,8,2,8.5,17.7,11.9,3.7,3652,14069,24020
11383,"Souilhe",53.3,4,8,2,8.5,17.7,11.9,3.7,3652,14069,22810
11385,"Soupex",48.5,3,7,1,9.5,17.6,11.4,4.6,3605,15422,21700
11386,"Talairan",34.4,2,6,1,9.9,19.4,11.5,3.5,3965,14346.5,18620
11390,"Thézan-des-Corbières",36.25,2,6,1,10.3,19.6,11.8,5.6,3965,14346.5,19790
11392,"Tournissan",41.35,3,6,1,9.9,19.4,11.8,5.6,3965,14346.5,18190
11393,"Tourouzelle",33.65,2,5,1,9.65,19.5,12.7,5.6,3965,14346.5,20730
11394,"Tourreilles",50.35,3,7,1,8.2,19.4,11.75,3.6,3579,14012,20630
11396,"Trausse",30.5,2,4,1,9.6,17.5,11.2,4.5,3965,14346.5,19260
11397,"Trèbes",45.8,3,7,1,9.7,18.5,11.7,4.9,3476,13610,19250
11398,"Treilles",22.9,1,4,1,17.5,25.2,12.5,6.5,4055,14416,19130
11399,"Tréville",65.2,4,8,2,9.2,17.2,11.9,3.7,3652,14069,22520
11401,"Tuchan",47.5,3,7,1,9.9,19.8,11.5,3.5,3286,13667.5,18770
11404,"Ventenac-Cabardès",53,3,7,2,9.7,18.7,11.4,4.7,3476,13610,22480
11405,"Ventenac-en-Minervois",33.05,2,5,1,10.2,20.5,12.7,3.9,3965,14346.5,22260
11407,"Verdun-en-Lauragais",91,5,10,3,9.2,17.2,12,2.1,3031,12325.5,22840
11408,"Verzeille",29,1,4,1,9.2,17.9,11.4,4.7,3476,13610,21210
11409,"Vignevieille",58.3,3,8,2,7.8,16.3,10.5,4.1,3389,14179,19230
11410,"Villalier",46.8,3,7,1,9.6,17.5,11.2,4.5,3476,13610,21280
11411,"Villanière",63.1,4,8,2,5.7,14,10.05,4.4,3476,13610,18780
11413,"Villardonnel",53,3,7,2,9.7,18.7,10.05,4.4,3476,13610,20220
11415,"Villar-Saint-Anselme",48.5,3,7,1,8.2,19.4,10.5,2.9,3476,13610,20720
11416,"Villarzel-Cabardès",48.9,3,6,2,9.6,17.5,11.2,4.5,3476,13610,20930
11418,"Villasavary",44.3,3,7,1,9.6,18.8,11.9,3.7,3652,14069,21270
11420,"Villebazy",68,5,9,2,6.9,15.95,10.5,2.9,3476,13610,20080
11421,"Villedaigne",33.05,2,5,1,10.2,20.5,12.1,5.3,3965,14346.5,17280
11422,"Villedubert",46.8,3,7,1,9.6,17.5,11.2,4.5,3476,13610,24050
11423,"Villefloure",39.55,2.5,6,1,6.9,15.95,10.5,2.9,3476,13610,21200
11425,"Villegailhenc",53,3,7,2,9.2,17.9,11.4,4.7,3476,13610,21610
11426,"Villegly",46.8,3,7,1,9.6,17.5,11.2,4.5,3476,13610,20520
11427,"Villelongue-d'Aude",60.55,4,8,2,9,17.4,11.75,3.6,3579,14012,20260
11428,"Villemagne",55.8,4,8,2,9.2,17.2,12,2.1,3031,12325.5,20370
11429,"Villemoustaussou",46.8,3,7,1,9.2,17.9,11.4,4.7,3476,13610,23540
11430,"Villeneuve-la-Comptal",49.75,3,7,1,8.5,17.7,11.9,3.7,3652,14069,22920
11431,"Villeneuve-les-Corbières",33.8,2,5,1,9.9,19.8,11.5,3.5,3286,13667.5,16280
11432,"Villeneuve-lès-Montréal",44.3,3,7,1,9.6,18.8,11.75,3.6,3579,14012,22670
11433,"Villeneuve-Minervois",48.9,3,6,2,9.6,17.5,11.2,4.5,3476,13610,20160
11434,"Villepinte",55.8,4,8,2,9.6,18.8,11.9,3.7,3652,14069,20090
11435,"Villerouge-Termenès",34.4,2,6,1,9.9,19.4,10.5,4.1,3389,14179,14680
11436,"Villesèque-des-Corbières",33.4,2,5,1,9.9,19.8,11.5,3.5,3965,14346.5,16910
11437,"Villesèquelande",50.45,3,8,1,9.2,17.9,11.4,4.7,3476,13610,22280
11438,"Villesiscle",44.3,3,7,1,9.6,18.8,11.75,3.6,3579,14012,21360
11439,"Villespy",55.8,4,8,2,9.2,17.2,11.9,3.7,3652,14069,20760
12001,"Agen-d'Aveyron",79.45,5,10,3,5.6,15.6,11.8,4.8,3703,13345,25590
12002,"Aguessac",52,3,8,1,6.3,16.4,9.2,1.9,3450,12407,22260
12003,"Albres",89.55,5,10,3,6.6,17.5,10.7,2.3,3383.5,12351.5,20800
12004,"Almont-les-Junies",71.25,5,9.5,2,6.6,17.5,9.65,3.4,3345,11451,20750
12006,"Alrance",90.8,6,10,3,6.2,14.3,9.7,3.9,3474,13343,19830
12007,"Ambeyrac",66.25,5,9.5,2,8.3,18.3,10.6,2.3,3383.5,12351.5,20850
12008,"Anglars-Saint-Félix",78.6,5,10,2.5,7.5,15.4,10.6,1.9,3310,12085,21490
12010,"Arques",87.9,5,10,3,6.4,14,9.7,3.9,3703,13345,23840
12011,"Arvieu",90.8,6,10,3,7.6,15.5,9.7,3.9,3703,13345,21580
12012,"Asprières",89.55,5,10,3,7.5,17.7,10.7,2.3,3383.5,12351.5,21410
12013,"Aubin",76.4,5,10,2,6.6,17.5,9.65,3.4,3345,11451,20090
12015,"Auriac-Lagast",82.8,5,9,3,7.6,15.5,10.7,3.1,3414,12630,19270
12016,"Auzits",71.25,5,9.5,2,6.6,17.5,9.65,3.4,3345,11451,21330
12017,"Ayssènes",62.4,4,9,2,4.2,12.5,10.4,2.5,3474,13343,18730
12018,"Balaguier-d'Olt",61.45,4,8,2,8.3,18.3,10.6,2.3,3383.5,12351.5,23610
12021,"Bas Ségala",80.7,5,10,3,7.1,17.8,10.6,1.9,3310,12085,20100
12023,"Bastide-Solages",76.9,5,9,2,8,18.6,10.7,3.2,3565.5,13621.5,21100
12024,"Belcastel",77.4,5,10,3,4.5,15.5,9.9,3.5,3672.5,13495,23650
12025,"Belmont-sur-Rance",58.5,4,8,2,5.7,16.6,10.6,3.3,3474,13343,20720
12026,"Bertholène",79.45,5,10,3,4.45,13.4,11.8,4.8,3703,13345,21800
12027,"Bessuéjouls",74.4,5,9,3,6,16,10.4,2,3703,13345,22840
12028,"Boisse-Penchot",89.55,5,10,3,6.6,17.5,10.1,2.2,3349,12638,19570
12029,"Bor-et-Bar",72.7,5,9,2,6.7,19.15,10.6,1.9,3310,12085,16560
12030,"Bouillac",89.55,5,10,3,6.6,17.5,10.7,2.3,3383.5,12351.5,19900
12031,"Bournazel",77.4,5,10,3,4.5,15.5,9.65,3.4,3345,11451,23030
12032,"Boussac",73.9,4,9,2,6.95,14.6,10.7,3.1,3414,12630,21580
12033,"Bozouls",74.4,5,9,3,6,16,10.4,2,3703,13345,23480
12034,"Brandonnet",80.7,5,10,3,7.1,17.8,10.6,1.9,3310,12085,21540
12035,"Brasc",76.5,5,10,3,8,18.6,10.4,2.5,3474,13343,14550
12036,"Brommat",90.4,6,10,3,5.5,14.65,8.6,4.7,3464,12519,20440
12037,"Broquiès",68.5,5,9,2,6.2,14.3,10.4,2.5,3474,13343,18190
12038,"Brousse-le-Château",68.5,5,9,2,6.2,14.3,10.4,2.5,3474,13343,19560
12039,"Brusque",79.15,4,9,2,7.5,14.8,9.6,5.3,3138,12100,19580
12041,"Cabanès",73.8,5,10,3,7.9,16.45,10.5,3.6,3414,12630,19540
12042,"Calmels-et-le-Viala",88.8,4.5,9.5,3,7.5,17,10.4,2.5,3474,13343,21860
12043,"Calmont",66.3,4,9,2,5.6,15.6,10.7,3.1,3414,12630,25540
12044,"Camarès",79.15,4,9,2,7,14.8,10.6,3.3,3138,12100,20760
12045,"Camboulazet",73.9,4,9,2,6.95,14.6,10.7,3.1,3414,12630,23240
12046,"Camjac",70.85,5,10,3,6.95,14.6,10.7,3.1,3414,12630,21690
12047,"Campagnac",80.15,5,10,3,5.7,15.95,8.95,2.3,3730,14766,20260
12048,"Campouriez",86.9,5,10,3,7.45,18.9,9.65,3.4,3345,11451,22220
12049,"Campuac",80.5,5,10,3,6.8,18.7,9.65,3.4,3345,11451,21670
12050,"Canet-de-Salars",71.9,5,9,2,5.7,14,9.7,3.9,3703,13345,22110
12051,"Cantoin",90.4,6,10,3,4.5,12.9,8.6,4.7,4299,14771,19050
12052,"Capdenac-Gare",72.55,5,9.5,2,7.5,17.7,10.7,2.3,3383.5,12351.5,20860
12053,"Capelle-Balaguier",66.25,5,9.5,2,7.1,17.8,10.6,1.9,3310,12085,22550
12054,"Capelle-Bleys",80.7,5,10,3,7.9,16.45,10.6,1.9,3310,12085,19670
12056,"Baraqueville",73.9,4,9,2,6.95,14.6,10.7,3.1,3414,12630,22810
12057,"Cassagnes-Bégonhès",70.85,5,10,3,7.6,15.5,10.7,3.1,3414,12630,21150
12058,"Cassuéjouls",99.7,6,10,4,4.65,13.9,8.6,4.7,4299,14771,18610
12059,"Castanet",75.35,5,9,3,7.5,15.4,10.7,3.1,3414,12630,21780
12061,"Castelnau-de-Mandailles",70,5,9,2,6.5,18.9,10.4,2,4299,14771,21390
12062,"Castelnau-Pégayrols",82.75,5,10,3,4.2,12.5,9.2,4.9,3426,13265,21980
12063,"Cavalerie",65.4,4,8,2,5.4,14.4,9.55,3.9,3450,12407,20980
12064,"Cayrol",74.4,5,9,3,6,16,10.4,2,3703,13345,17720
12065,"Centrès",70.85,5,10,3,6.95,14.6,10.7,3.1,3414,12630,18170
12066,"Clairvaux-d'Aveyron",77.4,5,10,3,4.5,15.5,9.9,3.5,3672.5,13495,23940
12068,"Colombiès",75.35,5,9,3,7.5,15.4,10.7,3.1,3414,12630,19990
12069,"Combret",64.9,4,9,2,5.7,16.6,9.3,3.3,3474,13343,18980
12070,"Compeyre",52,3,8,1,6.3,16.4,9.2,1.9,3450,12407,24110
12071,"Compolibat",78.6,5,10,2.5,7.5,15.4,10.6,1.9,3310,12085,21590
12072,"Comprégnac",49.5,2.5,5.5,1.5,6.4,14.6,9.2,4.9,3426,13265,23120
12073,"Comps-la-Grand-Ville",66.3,4,9,2,5.6,15.6,10.7,3.1,3414,12630,22850
12074,"Condom-d'Aubrac",82.8,6,8,4,6.5,18.9,10.4,2,4299,14771,17980
12077,"Cornus",67.1,4,8,2,4.8,15.3,9.55,3.9,3450,12407,20230
12078,"Costes-Gozon",63.8,4,9,2,7.5,17,10.4,2.5,3474,13343,18970
12079,"Coubisou",74.4,5,9,3,6,16,10.4,2,3703,13345,21540
12080,"Coupiac",64.9,4,9,2,8,18.6,10.6,3.3,3474,13343,18710
12083,"Cransac",71.25,5,9.5,2,6.6,17.5,9.65,3.4,3345,11451,18880
12084,"Creissels",52,3,8,1,6.3,16.4,9.2,1.9,3450,12407,21850
12085,"Crespin",73.8,5,10,3,8.1,16.4,10.5,3.6,3414,12630,19300
12086,"Cresse",52,3,8,1,6.3,16.4,9.2,1.9,3450,12407,23390
12088,"Curières",108.2,6,11,4,3.1,10.3,7.9,5.1,4299,14771,20990
12089,"Decazeville",76.4,5,10,2,6.6,17.5,9.65,3.4,3345,11451,19440
12090,"Druelle Balsac",66.3,4,9,2,5.7,15.3,9.9,3.5,3672.5,13495,26070
12091,"Drulhe",78.6,5,10,2.5,7.1,17.8,10.6,1.9,3310,12085,21790
12092,"Durenque",82.8,5,9,3,6.2,14.3,10.4,2.5,3474,13343,19770
12093,"Fel",80.5,5,10,3,7.45,18.9,9.65,3.4,3345,11451,19480
12094,"Entraygues-sur-Truyère",86.9,5,10,3,7.45,18.9,9.65,3.4,3345,11451,21150
12095,"Escandolières",77.4,5,10,3,4.5,15.5,9.65,3.4,3345,11451,21310
12096,"Espalion",74.4,5,9,3,6,16,10.4,2,3703,13345,21900
12097,"Espeyrac",80.5,5,10,3,7.45,18.9,9.65,3.4,3345,11451,20700
12098,"Estaing",97.4,6,11,3,6,16,10.4,2,3703,13345,22060
12099,"Fayet",64.5,4,9,2,7.5,14.8,9.6,5.3,3138,12100,19050
12100,"Firmi",71.25,5,9.5,2,6.6,17.5,9.65,3.4,3345,11451,22030
12101,"Flagnac",76.4,5,10,2,6.6,17.5,9.65,3.4,3345,11451,22510
12102,"Flavin",84.5,5,10,3,5.6,15.6,9.9,3.5,3672.5,13495,24530
12103,"Florentin-la-Capelle",97.4,6,11,3,7.45,18.9,10.4,2,3345,11451,18510
12104,"Foissac",74.35,5,10,2,8.3,18.3,10.6,2.3,3383.5,12351.5,21060
12105,"Fouillade",80.7,5,10,3,6.7,19.15,10.6,1.9,3310,12085,20610
12106,"Gabriac",70,5,9,2,6.5,18.9,10.4,2,3703,13345,22390
12107,"Gaillac-d'Aveyron",83.7,5,10,3,5,15.2,9.1,3.4,3730,14766,20600
12108,"Galgan",78.6,5,10,2.5,6.6,17.5,10.7,2.3,3383.5,12351.5,21390
12109,"Gissac",58.5,4,8,2,7.3,18.1,10.6,3.3,3474,13343,20850
12110,"Golinhac",80.5,5,10,3,7.45,18.9,9.65,3.4,3345,11451,20670
12111,"Goutrens",77.4,5,10,3,4.5,15.5,9.9,3.5,3672.5,13495,23960
12113,"Gramond",73.9,4,9,2,6.95,14.6,10.7,3.1,3414,12630,21890
12115,"Hospitalet-du-Larzac",65.4,4,8,2,5.4,14.4,9.55,3.9,3450,12407,18540
12116,"Huparlac",99.7,6,10,4,4.65,13.9,8.6,4.7,4299,14771,18540
12118,"Lacroix-Barrez",86.9,5,10,3,5.5,14.65,8.6,4.7,3464,12519,20330
12119,"Laguiole",108.2,6,11,4,4.5,12.9,8.6,4.7,4299,14771,22730
12120,"Laissac-Sévérac l'Église",83.7,5,10,3,4.45,13.4,11.8,4.8,3703,13345,21860
12121,"Lanuéjouls",78.6,5,10,2.5,7.1,17.8,10.6,1.9,3310,12085,21990
12122,"Lapanouse-de-Cernon",65.4,4,8,2,5.4,14.4,9.2,1.9,3450,12407,23340
12124,"Lassouts",70,5,9,2,6.5,18.9,10.4,2,3703,13345,17870
12125,"Laval-Roquecezière",64.9,4,9,2,5.7,16.6,9.3,3.3,3575,13240,18150
12127,"Lédergues",76.9,5,9,2,8,18.6,10.5,3.6,3414,12630,21080
12128,"Lescure-Jaoul",83.35,6,10,3,7.9,16.45,10.5,3.6,3310,12085,18020
12129,"Lestrade-et-Thouels",82.8,5,9,3,6.2,14.3,10.4,2.5,3474,13343,19750
12130,"Livinhac-le-Haut",89.55,5,10,3,6.6,17.5,10.1,2.2,3349,12638,21530
12131,"Loubière",79.45,5,10,3,5.6,15.6,11.8,4.8,3703,13345,26690
12133,"Luc-la-Primaube",66.3,4,9,2,5.6,15.6,9.9,3.5,3672.5,13495,24070
12134,"Lugan",76.4,5,10,2,6.6,17.5,9.65,3.4,3345,11451,22390
12135,"Lunac",83.35,6,10,3,6.7,19.15,10.6,1.9,3310,12085,19490
12136,"Maleville",80.7,5,10,3,7.1,17.8,10.6,1.9,3310,12085,21690
12137,"Manhac",66.3,4,9,2,6.95,14.6,10.7,3.1,3414,12630,24030
12138,"Marcillac-Vallon",66.3,4,9,2,5.7,15.3,9.9,3.5,3672.5,13495,23410
12139,"Marnhagues-et-Latour",64.5,4,9,2,4.8,15.3,9.55,3.9,3474,13343,18410
12140,"Martiel",66.25,5,9.5,2,7.1,17.8,10.6,1.9,3310,12085,21770
12141,"Martrin",64.9,4,9,2,8,18.6,10.6,3.3,3474,13343,16260
12142,"Mayran",77.4,5,10,3,4.5,15.5,9.9,3.5,3672.5,13495,24890
12144,"Meljac",70.85,5,10,3,6.95,14.6,10.7,3.1,3414,12630,19770
12145,"Millau",52,3,8,1,6.3,16.4,9.2,1.9,3450,12407,21240
12146,"Monastère",66.3,4,9,2,5.6,15.6,9.9,3.5,3672.5,13495,24580
12147,"Montagnol",64.5,4,9,2,7.5,14.8,9.55,3.9,3138,12100,15860
12148,"Montbazens",78.6,5,10,2.5,6.6,17.5,10.7,2.3,3383.5,12351.5,21500
12149,"Montclar",68.5,5,9,2,8,18.6,10.4,2.5,3474,13343,18440
12150,"Monteils",69.4,4,9,2,6.7,19.15,10.6,1.9,3310,12085,21740
12151,"Montézic",86.9,5,10,3,5.5,14.65,8.6,4.7,3345,11451,23130
12152,"Montfranc",64.9,4,9,2,8,18.6,9.3,3,3575,13240,18480
12153,"Montjaux",82.75,5,10,3,4.2,12.5,9.2,4.9,3426,13265,19340
12154,"Montlaur",58.5,4,8,2,7.3,18.1,10.6,3.3,3474,13343,20940
12155,"Fondamente",77,5,9,2,4.8,15.3,9.55,3.9,3450,12407,20550
12156,"Montpeyroux",99.7,6,10,4,4.65,13.9,10.4,2,4299,14771,19330
12157,"Montrozier",79.45,5,10,3,4.45,13.4,11.8,4.8,3703,13345,24720
12158,"Montsalès",74.35,5,10,2,8.3,18.3,10.6,2.3,3383.5,12351.5,23460
12159,"Morlhon-le-Haut",80.7,5,10,3,7.1,17.8,10.6,1.9,3310,12085,21370
12160,"Mostuéjouls",73.55,5,9,2,4,13.9,8.9,2.4,3450,12407,22410
12161,"Mouret",80.5,5,10,3,6.8,18.7,9.9,3.5,3672.5,13495,22420
12162,"Moyrazès",73.9,4,9,2,5.7,15.3,9.9,3.5,3672.5,13495,24180
12163,"Murasson",106.3,6,10,4,5.7,16.6,9.3,5.3,3138,12100,19490
12164,"Mur-de-Barrez",120.7,7,9,5,5.5,14.65,7.7,4.4,3464,12519,20510
12165,"Muret-le-Château",80.5,5,10,3,6.8,18.7,9.9,3.5,3672.5,13495,23030
12167,"Najac",69.4,4,9,2,6.7,19.15,10.6,1.9,3310,12085,19390
12168,"Nant",65.4,4,8,2,5.4,14.4,9.55,3.9,3450,12407,20830
12169,"Naucelle",73.9,4,9,2,6.95,14.6,10.7,3.1,3414,12630,22980
12170,"Naussac",74.35,5,10,2,7.5,17.7,10.7,2.3,3383.5,12351.5,22430
12171,"Nauviale",71.25,5,9.5,2,5.4,14.6,9.65,3.4,3345,11451,21630
12172,"Nayrac",97.4,6,11,3,7.45,18.9,10.4,2,3703,13345,21230
12174,"Olemps",66.3,4,9,2,5.6,15.6,9.9,3.5,3672.5,13495,24910
12175,"Ols-et-Rinhodes",74.35,5,10,2,7.1,17.8,10.6,1.9,3310,12085,21740
12176,"Onet-le-Château",66.3,4,9,2,5.7,15.3,9.9,3.5,3672.5,13495,22100
12177,"Palmas d'Aveyron",83.7,5,10,3,5,15.2,9.1,3.4,3730,14766,22030
12178,"Paulhe",52,3,8,1,6.3,16.4,9.2,1.9,3450,12407,23570
12181,"Peyrusse-le-Roc",78.6,5,10,2.5,7.5,17.7,10.7,2.3,3383.5,12351.5,20510
12182,"Pierrefiche",81.05,5,9,3,6.4,18.2,9.1,3.4,3730,14766,20510
12183,"Plaisance",64.9,4,9,2,8,18.6,9.3,3.3,3474,13343,19180
12184,"Pomayrols",80.15,5,10,3,5.2,12.6,7.9,5.1,4299,14771,20930
12185,"Pont-de-Salars",84.5,5,10,3,5.7,14,9.7,3.9,3703,13345,22690
12186,"Pousthomy",64.9,4,9,2,5.7,16.6,9.3,3.3,3575,13240,18490
12187,"Prades-d'Aubrac",82.8,6,8,4,5.2,12.6,7.9,5.1,4299,14771,17260
12188,"Prades-Salars",72.6,4,9,2,6.4,14,9.7,3.9,3730,14766,19970
12189,"Pradinas",83.35,6,10,3,7.9,16.45,10.7,3.1,3414,12630,19490
12190,"Prévinquières",75.35,5,9,3,7.5,15.4,10.7,3.1,3414,12630,18170
12191,"Privezac",78.6,5,10,2.5,7.5,15.4,10.6,1.9,3310,12085,22810
12192,"Mounes-Prohencoux",79.15,4,9,2,7,14.8,10.6,3.3,3138,12100,17520
12193,"Pruines",80.5,5,10,3,6.8,18.7,9.65,3.4,3345,11451,19420
12194,"Quins",73.9,4,9,2,6.95,14.6,10.7,3.1,3414,12630,22280
12195,"Rebourguil",58.5,4,8,2,5.7,16.6,10.6,3.3,3474,13343,20650
12197,"Réquista",76.5,5,10,3,8,18.6,10.7,3.1,3414,12630,19790
12198,"Rieupeyroux",83.35,6,10,3,7.9,16.45,10.7,3.1,3414,12630,21040
12199,"Rignac",77.4,5,10,3,4.5,15.5,10.7,3.1,3414,12630,22590
12200,"Rivière-sur-Tarn",73.55,5,9,2,4,13.9,9.2,1.9,3450,12407,21670
12201,"Rodelle",97.4,6,11,3,6.8,18.7,9.9,3.5,3672.5,13495,26370
12202,"Rodez",66.3,4,9,2,5.6,15.6,9.9,3.5,3672.5,13495,22210
12203,"Roquefort-sur-Soulzon",49.5,2.5,5.5,1.5,7.5,17,10.4,2.5,3474,13343,23390
12204,"Roque-Sainte-Marguerite",65.4,4,8,2,5.4,14.4,8.9,2.4,3450,12407,20250
12205,"Rouquette",69.4,4,9,2,6.7,19.15,10.6,1.9,3310,12085,22590
12206,"Roussennac",78.6,5,10,2.5,4.5,15.5,9.65,3.4,3345,11451,23840
12207,"Rullac-Saint-Cirq",70.85,5,10,3,7.6,15.5,10.7,3.1,3414,12630,19150
12208,"Saint-Affrique",88.8,4.5,9.5,3,7.5,17,10.4,2.5,3474,13343,21480
12209,"Saint-Amans-des-Cots",99.7,6,10,4,4.65,13.9,8.6,4.7,3345,11451,19080
12210,"Saint-André-de-Najac",58.5,4,8,2,6.7,19.15,10.6,1.9,3310,12085,18240
12211,"Saint-André-de-Vézines",65.4,4,8,2,4.6,13.8,8.9,2.4,3450,12407,23410
12212,"Saint-Beaulize",77,5,9,2,4.8,15.3,9.55,3.9,3450,12407,23020
12213,"Saint-Beauzély",82.75,5,10,3,6.4,14.6,9.2,4.9,3426,13265,21330
12214,"Saint-Chély-d'Aubrac",82.8,6,8,4,3.1,10.3,7.9,5.1,4299,14771,20170
12215,"Saint-Christophe-Vallon",71.25,5,9.5,2,4.5,15.5,9.9,3.5,3672.5,13495,22530
12216,"Saint-Côme-d'Olt",70,5,9,2,6.5,18.9,10.4,2,3703,13345,22570
12217,"Sainte-Croix",74.35,5,10,2,7.1,17.8,10.6,1.9,3310,12085,21150
12219,"Sainte-Eulalie-d'Olt",81.05,5,9,3,6.4,18.2,10.4,2,3730,14766,19600
12220,"Sainte-Eulalie-de-Cernon",65.4,4,8,2,5.4,14.4,9.55,3.9,3450,12407,20750
12221,"Saint-Félix-de-Lunel",80.5,5,10,3,6.8,18.7,9.65,3.4,3345,11451,19180
12222,"Saint-Félix-de-Sorgues",64.5,4,9,2,7.5,14.8,10.6,3.3,3474,13343,20080
12223,"Argences en Aubrac",90.4,6,10,3,5.5,14.65,8.6,4.7,4299,14771,19910
12224,"Saint Geniez d'Olt et d'Aubrac",81.05,5,9,3,6.4,18.2,7.9,5.1,4299,14771,20860
12225,"Saint-Georges-de-Luzençon",49.5,2.5,5.5,1.5,6.4,14.6,9.2,4.9,3426,13265,22710
12226,"Saint-Hippolyte",86.9,5,10,3,7.45,18.9,9.65,3.4,3345,11451,18090
12227,"Saint-Igest",74.35,5,10,2,7.1,17.8,10.6,1.9,3310,12085,21250
12228,"Saint-Izaire",68.5,5,9,2,7.5,17,10.4,2.5,3474,13343,19010
12229,"Saint-Jean-d'Alcapiès",64.5,4,9,2,7.5,17,10.4,2.5,3474,13343,23110
12230,"Saint-Jean-Delnous",76.9,5,9,2,8,18.6,10.5,3.6,3414,12630,21750
12232,"Saint-Jean-et-Saint-Paul",64.5,4,9,2,4.8,15.3,9.55,3.9,3450,12407,23200
12233,"Saint-Juéry",68.5,5,9,2,5.7,16.6,10.6,3.3,3474,13343,19680
12234,"Sainte-Juliette-sur-Viaur",70.85,5,10,3,6.95,14.6,10.7,3.1,3414,12630,24470
12235,"Saint-Just-sur-Viaur",70.85,5,10,3,8.1,16.4,10.5,3.6,3414,12630,17080
12236,"Saint-Laurent-de-Lévézou",82.75,5,10,3,4.2,12.5,9.2,4.9,3426,13265,21410
12237,"Saint-Laurent-d'Olt",80.15,5,10,3,5.7,15.95,9.2,3.2,4299,14771,21190
12238,"Saint-Léons",82.75,5,10,3,6.4,14.6,9.2,4.9,3426,13265,22170
12239,"Saint-Martin-de-Lenne",81.05,5,9,3,6.4,18.2,9.1,3.4,3730,14766,21200
12240,"Saint-Parthem",78.45,5,10,3,3.7,15,9.65,3.4,3345,11451,19620
12241,"Sainte-Radegonde",66.3,4,9,2,5.6,15.6,9.9,3.5,3672.5,13495,26930
12242,"Saint-Rémy",74.35,5,10,2,7.1,17.8,10.6,1.9,3310,12085,21900
12243,"Saint-Rome-de-Cernon",49.5,2.5,5.5,1.5,6.3,16.4,9.2,1.9,3450,12407,22640
12244,"Saint-Rome-de-Tarn",63.8,4,9,2,7.5,17,10.4,2.5,3474,13343,22710
12246,"Saint-Santin",78.45,5,10,3,3.7,15,10.1,2.2,3349,12638,21120
12247,"Saint-Saturnin-de-Lenne",80.15,5,10,3,6.4,18.2,9.1,3.4,3730,14766,21640
12248,"Saint-Sernin-sur-Rance",64.9,4,9,2,5.7,16.6,9.3,3.3,3474,13343,21130
12249,"Saint-Sever-du-Moustier",106.3,6,10,4,5.7,16.6,9.3,3.3,3138,12100,17390
12250,"Saint-Symphorien-de-Thénières",99.7,6,10,4,5.5,14.65,8.6,4.7,4299,14771,20860
12251,"Saint-Victor-et-Melvieu",63.8,4,9,2,7.5,17,10.4,2.5,3474,13343,20580
12252,"Salles-Courbatiès",74.35,5,10,2,7.5,17.7,10.7,2.3,3383.5,12351.5,20480
12253,"Salles-Curan",75.1,5,8,3,4.2,12.5,9.7,3.9,3474,13343,20900
12254,"Salles-la-Source",66.3,4,9,2,5.7,15.3,9.9,3.5,3672.5,13495,25940
12255,"Salmiech",82.8,5,9,3,7.6,15.5,10.7,3.1,3414,12630,22230
12256,"Salvagnac-Cajarc",66.25,5,9.5,2,12.15,25.25,10.6,1.9,3310,12085,21000
12257,"Causse-et-Diège",72.55,5,9.5,2,7.5,17.7,10.7,2.3,3383.5,12351.5,21770
12258,"Salvetat-Peyralès",83.35,6,10,3,7.9,16.45,10.5,3.6,3414,12630,18960
12259,"Sanvensa",80.7,5,10,3,6.7,19.15,10.6,1.9,3310,12085,21690
12261,"Saujac",66.25,5,9.5,2,8.3,18.3,10.6,2.3,3310,12085,20950
12262,"Sauveterre-de-Rouergue",73.9,4,9,2,7.9,16.45,10.7,3.1,3414,12630,21520
12263,"Savignac",74.35,5,10,2,7.1,17.8,10.6,1.9,3310,12085,22960
12264,"Sébazac-Concourès",66.3,4,9,2,6.8,18.7,9.9,3.5,3672.5,13495,25330
12265,"Sébrazac",97.4,6,11,3,6.8,18.7,10.4,2,3672.5,13495,19700
12266,"Ségur",94.4,6,10,3,6.4,14,9.7,3.9,3730,14766,20110
12267,"Selve",76.5,5,10,3,7.6,15.5,10.7,3.1,3414,12630,19640
12268,"Sénergues",80.5,5,10,3,5.4,14.6,9.65,3.4,3345,11451,17830
12269,"Serre",64.9,4,9,2,5.7,16.6,10.6,3.3,3474,13343,19910
12270,"Sévérac d'Aveyron",73.55,5,9,2,4,13.9,8.95,2.3,3426,13265,21410
12272,"Sonnac",66,5,8,2,7.5,17.7,10.7,2.3,3383.5,12351.5,23100
12273,"Soulages-Bonneval",99.7,6,10,4,4.65,13.9,8.6,4.7,4299,14771,22790
12274,"Sylvanès",64.5,4,9,2,7.5,14.8,10.6,3.3,3138,12100,21510
12276,"Tauriac-de-Naucelle",65.7,4,8,2,8.1,16.4,10.5,3.6,3414,12630,18410
12277,"Taussac",103.4,6,11,3,5.5,14.65,9.4,2.8,3464,12519,19490
12278,"Tayrac",83.35,6,10,3,7.9,16.45,10.5,3.6,3414,12630,19830
12281,"Toulonjac",74.35,5,10,2,7.1,17.8,10.6,1.9,3310,12085,23480
12282,"Tournemire",49.5,2.5,5.5,1.5,6.3,16.4,9.2,1.9,3450,12407,19820
12283,"Trémouilles",71.9,5,9,2,5.6,15.6,9.7,3.9,3703,13345,18420
12284,"Truel",63.8,4,9,2,6.2,14.3,10.4,2.5,3474,13343,20720
12286,"Vabres-l'Abbaye",88.8,4.5,9.5,3,7.3,18.1,10.6,3.3,3474,13343,22950
12287,"Vailhourles",69.4,4,9,2,6.7,19.15,10.6,1.9,3310,12085,21890
12288,"Valady",77.4,5,10,3,5.7,15.3,9.9,3.5,3672.5,13495,24470
12289,"Valzergues",76.4,5,10,2,6.6,17.5,10.7,2.3,3383.5,12351.5,23820
12290,"Vaureilles",78.6,5,10,2.5,6.6,17.5,10.6,1.9,3310,12085,21530
12291,"Verrières",73.55,5,9,2,6.4,14.6,9.2,4.9,3426,13265,22470
12292,"Versols-et-Lapeyre",64.5,4,9,2,7.3,18.1,10.6,3.3,3474,13343,22000
12293,"Veyreau",67.7,4,9,2,4.6,13.8,8.9,2.4,3450,12407,20230
12294,"Vézins-de-Lévézou",94.4,6,10,3,6.4,14,9.7,3.9,3730,14766,18910
12296,"Viala-du-Tarn",62.4,4,9,2,4.2,12.5,10.4,2.5,3474,13343,19010
12297,"Vibal",84.5,5,10,3,6.4,14,9.7,3.9,3703,13345,21480
12298,"Villecomtal",80.5,5,10,3,6.8,18.7,9.9,3.5,3672.5,13495,21810
12299,"Villefranche-de-Panat",90.8,6,10,3,6.2,14.3,10.4,2.5,3474,13343,21330
12300,"Villefranche-de-Rouergue",80.7,5,10,3,7.1,17.8,10.6,1.9,3310,12085,20820
12301,"Villeneuve",74.35,5,10,2,7.1,17.8,10.6,1.9,3310,12085,22720
12303,"Vimenet",81.05,5,9,3,6.4,18.2,9.1,3.4,3730,14766,21510
12305,"Viviez",76.4,5,10,2,6.6,17.5,10.1,2.2,3349,12638,19270
12307,"Curan",75.1,5,8,3,4.2,12.5,9.7,3.9,3730,14766,21130
30001,"Aigaliers",49.2,3,6,2,9,17,10.75,1.7,4150,14931.5,22390
30003,"Aigues-Mortes",34.9,2,4,1,10.9,18.7,12.3,5,4205,15149,22900
30004,"Aigues-Vives",41,2,4,1,9.7,20.4,12.3,2.5,4205,15149,25370
30005,"Aiguèze",58.4,3,5,2,8,18.8,11.1,2.5,3652,13504,21910
30006,"Aimargues",34,2.5,3,1,9.1,20.3,11.9,2.5,4205,15149,22540
30007,"Alès",54.7,3,6,2,9.1,20.7,10.4,2.8,3865.5,13845,18000
30008,"Allègre-les-Fumades",49.2,3,6,2,9,17,10.1,2.7,4150,14931.5,20370
30010,"Anduze",93,4,6,2,7,19.2,10.1,1.6,3865.5,13845,19240
30011,"Angles",51,3,5,2,8.7,19.8,5.6,3.9,4377,14986,25410
30012,"Aramon",52.4,3,5,2,8.7,19.8,5.6,3.3,4377,14986,22560
30013,"Argilliers",51.1,3,5,2,8.35,18.6,11.1,3.1,4324.5,14620,24930
30014,"Arpaillargues-et-Aureillac",51.1,3,5,2,8.3,19.1,10.75,1.7,4324.5,14620,22490
30018,"Aspères",55.9,2,5,2,8.3,19.9,11.1,2.5,4205,15149,24090
30019,"Aubais",45.6,2,5,1,9.7,20.4,12.3,2.5,4205,15149,26550
30020,"Aubord",53,2,2,2,9.5,19.7,10.85,3.6,3851.5,14382.5,24550
30021,"Aubussargues",53.8,3,5,2,8.3,19.1,10.75,1.7,4324.5,14620,25660
30022,"Aujac",67.75,4,7,2,7.9,16.4,9.6,2.7,3865.5,13845,18750
30023,"Aujargues",46.85,3,5,1,8.3,19.9,11.1,2.5,4205,15149,25140
30027,"Bagard",93,4,6,2,9.1,20.7,10.4,2.8,3865.5,13845,22450
30028,"Bagnols-sur-Cèze",58.5,3,5,2.5,9.55,19.75,11.1,4.8,4164,14547,19140
30029,"Barjac",61.25,3,6,2,10,19.8,10.5,2.7,4150,14931.5,19620
30030,"Baron",49.2,3,6,2,9,17,10.4,2.8,4150,14931.5,24350
30031,"Bastide-d'Engras",29.55,2,3,1,7.5,17.6,11.1,3.1,4150,14931.5,21500
30032,"Beaucaire",44.5,2,3,2,10.2,20.2,11.4,3.3,3442,6978,18300
30033,"Beauvoisin",53,2,2,2,9.5,19.7,10.85,3.6,3851.5,14382.5,22300
30034,"Bellegarde",59,3,4,2,9.1,19.6,7.7,2.2,3442,6978,22150
30035,"Belvézet",55.4,3,6,2,9,17,10.75,1.7,4150,14931.5,22080
30036,"Bernis",53,2,2,2,9.5,19.7,10.85,3.6,3851.5,14382.5,23200
30037,"Bessèges",82.45,4,6,3,8.8,17.9,9.6,2.7,3865.5,13845,16700
30039,"Bezouce",51.6,3,5,2,9.5,19.5,10.7,3.3,4324.5,14620,22380
30041,"Blauzac",47.95,3,5,2,8.3,19.1,10.75,1.7,4324.5,14620,24610
30042,"Boisset-et-Gaujac",93,4,6,2,7,19.2,10.4,2.8,3865.5,13845,21160
30043,"Boissières",53,2,2,2,9.7,20.4,12.3,3.6,3851.5,14382.5,26600
30045,"Bordezac",82.45,4,6,3,9,19.5,10.4,2.7,3865.5,13845,18120
30047,"Bouillargues",45.45,2,5,1,9.9,19.3,11,4,3442,6978,24000
30048,"Bouquet",49.2,3,6,2,9,17,10.1,2.7,4150,14931.5,21010
30049,"Bourdic",53.8,3,5,2,8.3,19.1,10.75,1.7,4324.5,14620,22360
30051,"Branoux-les-Taillades",109,4,7,3,8.8,17.9,9.6,2.7,3865.5,13845,19320
30055,"Brouzet-lès-Alès",49.2,3,6,2,9,17,10.1,2.7,4150,14931.5,23400
30056,"Bruguière",55.4,3,6,2,8.3,19.1,10.75,1.7,4150,14931.5,21250
30057,"Cabrières",47.95,3,5,2,9.5,19.5,10.7,3.3,4324.5,14620,24450
30059,"Cailar",34,2.5,3,1,9.5,19.7,10.85,3.6,3851.5,14382.5,23320
30060,"Caissargues",45.15,2,5,1,9.9,19.3,11,4,4324.5,14620,24320
30061,"Calmette",53.8,3,5,2,8.3,21.2,10.7,3.3,4324.5,14620,21630
30062,"Calvisson",41,2,4,1,9.7,20.4,12.3,2.5,4205,15149,24680
30067,"Capelle-et-Masmolène",29.55,2,3,1,8.35,18.6,11.1,3.1,4164,14547,20730
30069,"Carnas",55.9,2,5,2,7.1,19.6,11.1,2.5,4380,14835.5,23690
30070,"Carsan",50.3,3,5,1.5,9.55,19.75,11.1,2.5,3652,13504,24230
30072,"Castelnau-Valence",52.8,3,4,2,8.7,20.1,10.4,2.8,4324.5,14620,22170
30073,"Castillon-du-Gard",53.1,3,5,2,8.35,18.6,11.1,3.1,4324.5,14620,25050
30075,"Caveirac",51.4,3,5,2,8.3,21.2,10.7,3.3,4324.5,14620,25330
30076,"Cavillargues",29.55,2,3,1,7.5,17.6,11.1,3.1,3652,13504,22330
30077,"Cendras",92.5,4,6,3,9.1,20.7,9.6,2.7,3865.5,13845,18630
30079,"Chambon",71.5,4,6,2,8.8,17.9,9.6,2.7,3865.5,13845,21410
30080,"Chamborigaud",109,4,7,3,7.9,16.4,9.6,2.7,3865.5,13845,19800
30081,"Chusclan",49.9,3,5,2,9.85,20.1,11.1,4.8,4164,14547,24790
30082,"Clarensac",56.95,3,5,2,8.3,21.2,12.3,2.5,4324.5,14620,24940
30083,"Codognan",41,2,4,1,9.7,20.4,12.3,3.6,3851.5,14382.5,24070
30084,"Codolet",49.9,3,5,2,9.85,20.1,11.1,4.8,4164,14547,22910
30085,"Collias",51.1,3,5,2,8.35,18.6,11.1,3.1,4324.5,14620,22440
30086,"Collorgues",52.8,3,4,2,8.7,20.1,10.75,1.7,4324.5,14620,23440
30088,"Combas",46.85,3,5,1,7.1,19.6,11.1,2.5,4205,15149,22500
30089,"Comps",44.5,2,3,2,10.2,20.2,11.4,3.3,3442,6978,22590
30090,"Concoules",104.95,5,8,3,7.9,16.4,9.6,2.7,3865.5,13845,19430
30091,"Congénies",46.85,3,5,1,9.7,20.4,12.3,2.5,4205,15149,25310
30092,"Connaux",52.3,2,4,2,7.5,17.6,11.1,4.8,4164,14547,23720
30096,"Cornillon",64,3,6,2,6.9,19.5,11.1,2.5,3652,13504,23120
30097,"Courry",82.45,4,6,3,8.7,20.2,10.5,2.7,3865.5,13845,21650
30101,"Deaux",54.7,3,6,2,9.4,19.55,10.4,2.8,4150,14931.5,23520
30102,"Dions",53.8,3,5,2,8.3,21.2,10.7,3.3,4324.5,14620,22280
30103,"Domazan",43.5,2,5,2,8.7,19.8,5.6,3.3,4377,14986,24310
30107,"Estézargues",43.5,2,5,2,8.7,19.8,5.6,3.3,4377,14986,25750
30109,"Euzet",49.2,3,6,2,9,17,10.4,2.8,4150,14931.5,21150
30110,"Flaux",51.1,3,5,2,8.35,18.6,11.1,3.1,4324.5,14620,24120
30111,"Foissac",49.2,3,6,2,9,17,10.75,1.7,4150,14931.5,21530
30112,"Fons",56.95,3,5,2,8.3,21.2,11.1,2.5,4324.5,14620,23540
30113,"Fons-sur-Lussan",49.2,3,6,2,7.75,18.7,10.1,2.7,4150,14931.5,21050
30114,"Fontanès",46.85,3,5,1,8.3,19.9,11.1,2.5,4205,15149,23230
30115,"Fontarèches",55.4,3,6,2,7.5,17.6,11.1,3.1,4150,14931.5,22090
30116,"Fournès",53.1,3,5,2,10.2,20.2,11.4,3.3,4377,14986,21680
30117,"Fourques",29.3,2,3,1,10.25,20.5,10.8,2.2,3442,6978,23590
30120,"Gagnières",82.45,4,6,3,9,19.5,10.4,2.7,3865.5,13845,18270
30122,"Gajan",56.95,3,5,2,8.3,21.2,11.1,2.5,4324.5,14620,23020
30123,"Gallargues-le-Montueux",41,2,4,1,9.7,20.4,12.3,2.5,4205,15149,23890
30124,"Garn",56.35,3,6,2,8.6,18.4,10.8,2.5,3652,13504,20410
30125,"Garons",38.75,2,3,1,9.9,19.3,11,4,3442,6978,22230
30126,"Garrigues-Sainte-Eulalie",53.8,3,5,2,8.3,21.2,10.75,1.7,4324.5,14620,24570
30127,"Gaujac",29.55,2,3,1,7.5,17.6,11.1,3.1,4164,14547,24940
30128,"Générac",45.15,2,5,1,9.9,19.3,11,4,3851.5,14382.5,23110
30129,"Générargues",72.95,3,6,2,7,19.2,10.4,2.8,3865.5,13845,21750
30130,"Génolhac",104.95,5,8,3,7.9,16.4,9.6,2.7,3865.5,13845,20290
30131,"Goudargues",56.35,3,6,2,6.9,19.5,10.1,2.7,4150,14931.5,21560
30132,"Grand-Combe",92.5,4,6,3,8.8,17.9,9.6,2.7,3865.5,13845,15050
30133,"Grau-du-Roi",60.1,2.5,4,2,10.5,18.45,12.3,5,4205,15149,21870
30134,"Issirac",58.4,3,5,2,6.9,19.5,11.1,2.5,3652,13504,21670
30135,"Jonquières-Saint-Vincent",51.6,3,5,2,10.2,20.2,11.4,3.3,3442,6978,21460
30136,"Junas",45.6,2,5,1,8.3,19.9,11.1,2.5,4205,15149,23260
30137,"Lamelouze",109,4,7,3,8.8,17.9,9.6,2.7,3865.5,13845,18120
30138,"Langlade",53,2,2,2,9.7,20.4,12.3,3.6,3851.5,14382.5,27220
30141,"Laudun-l'Ardoise",46.45,3,5.5,1,9.85,20.1,11.1,4.8,4164,14547,22960
30142,"Laval-Pradel",92.5,4,6,3,8.8,17.9,9.6,2.7,3865.5,13845,21000
30143,"Laval-Saint-Roman",58.4,3,5,2,8,18.8,11.1,2.5,3652,13504,23220
30144,"Lecques",46.85,3,5,1,7.1,19.6,11.1,2.5,4205,15149,23500
30145,"Lédenon",53.1,3,5,2,8.35,18.6,11.1,3.1,4324.5,14620,22530
30149,"Lirac",52.3,2,4,2,8.5,20.1,11.1,3.9,4377,14986,23780
30151,"Lussan",55.4,3,6,2,7.75,18.7,10.1,2.7,4150,14931.5,22930
30152,"Mages",52,3,6,2,7.5,18.5,10.5,2.7,4150,14931.5,20930
30155,"Manduel",51.6,3,5,2,9.1,19.6,7.7,2.2,3442,6978,22520
30156,"Marguerittes",47.95,3,5,2,9.5,19.5,10.7,3.3,4324.5,14620,22560
30158,"Martignargues",52.8,3,4,2,8.7,20.1,10.4,2.8,4150,14931.5,22730
30159,"Martinet",111,5,9,3,8.8,17.9,9.6,2.7,3865.5,13845,18130
30164,"Méjannes-le-Clap",56.35,3,6,2,7.75,18.7,10.1,2.7,4150,14931.5,21270
30165,"Méjannes-lès-Alès",54.7,3,6,2,9.4,19.55,10.4,2.8,3865.5,13845,23290
30166,"Meynes",53.1,3,5,2,10.2,20.2,11.4,3.3,3442,6978,22900
30167,"Meyrannes",52,3,6,2,8.7,20.2,10.5,2.7,3865.5,13845,19560
30168,"Mialet",102,4,7,3,7,19.2,10.1,3.1,3865.5,13845,21220
30169,"Milhaud",53,2,2,2,9.9,19.3,11,4,4324.5,14620,20950
30171,"Molières-sur-Cèze",52,3,6,2,7.5,18.5,10.5,2.7,3865.5,13845,16500
30173,"Mons",54.7,3,6,2,7.5,18.5,10.4,2.8,4150,14931.5,23860
30174,"Montaren-et-Saint-Médiers",55.4,3,6,2,8.3,19.1,10.75,1.7,4150,14931.5,22320
30175,"Montclus",56.35,3,6,2,6.9,19.5,10.1,2.7,4150,14931.5,20140
30177,"Monteils",54.7,3,6,2,9.4,19.55,10.4,2.8,4150,14931.5,24210
30178,"Montfaucon",43.25,2,5,1,9.3,20.8,11.1,4.8,4164,14547,23410
30179,"Montfrin",43.5,2,5,2,10.2,20.2,11.4,3.3,3442,6978,21460
30180,"Montignargues",55.8,3,5,2,8.3,21.2,10.4,2.8,4324.5,14620,23180
30182,"Montpezat",56.95,3,5,2,7.1,19.6,11.1,2.5,4205,15149,23170
30184,"Moussac",55.8,3,5,2,8.7,20.1,10.4,2.8,4324.5,14620,21510
30185,"Mus",41,2,4,1,9.7,20.4,12.3,2.5,4205,15149,24330
30186,"Nages-et-Solorgues",53,2,2,2,9.7,20.4,12.3,3.6,3851.5,14382.5,27660
30187,"Navacelles",49.2,3,6,2,9,17,10.1,2.7,4150,14931.5,21510
30189,"Nîmes",74.5,3,4,2,9.5,19.5,10.7,3.3,4324.5,14620,18760
30191,"Orsan",46.45,3,5.5,1,9.85,20.1,11.1,4.8,4164,14547,24470
30193,"Parignargues",56.95,3,5,2,8.3,21.2,11.1,2.5,4324.5,14620,23480
30194,"Peyremale",71.5,4,6,2,8.8,17.9,9.6,2.7,3865.5,13845,19590
30196,"Pin",29.55,2,3,1,7.5,17.6,11.1,3.1,4164,14547,22540
30197,"Plans",49.2,3,6,2,7.5,18.5,10.4,2.8,4150,14931.5,23110
30201,"Ponteils-et-Brésis",104.95,5,8,3,7.9,16.4,8.5,3.3,3865.5,13845,20420
30202,"Pont-Saint-Esprit",58.05,2.5,4.5,2.5,9.55,19.75,11.1,2.5,3652,13504,20330
30203,"Portes",111,5,9,3,8.8,17.9,9.6,2.7,3865.5,13845,19480
30204,"Potelières",59.75,3,6,2,8.7,20.2,10.5,2.7,4150,14931.5,20970
30205,"Pougnadoresse",29.55,2,3,1,7.5,17.6,11.1,3.1,3652,13504,20660
30206,"Poulx",47.95,3,5,2,9.5,19.5,10.7,3.3,4324.5,14620,27500
30207,"Pouzilhac",52.3,2,4,2,8.35,18.6,11.1,3.1,4164,14547,21690
30209,"Pujaut",51,3,5,2,8.5,20.1,11.1,3.9,4377,14986,27310
30211,"Redessan",51.6,3,5,2,9.1,19.6,7.7,2.2,3442,6978,22090
30212,"Remoulins",53.1,3,5,2,8.35,18.6,11.1,3.1,4324.5,14620,19700
30214,"Ribaute-les-Tavernes",58.8,3,5,2,8,19.3,10.4,2.8,3865.5,13845,20900
30215,"Rivières",49.2,3,6,2,7.75,18.7,10.1,2.7,4150,14931.5,20370
30216,"Robiac-Rochessadoule",82.45,4,6,3,8.8,17.9,9.6,2.7,3865.5,13845,18210
30217,"Rochefort-du-Gard",52.3,2,4,2,8.5,20.1,11.1,3.9,4377,14986,25350
30218,"Rochegude",59.75,3,6,2,7.75,18.7,10.1,2.7,4150,14931.5,21140
30221,"Roquemaure",43.25,2,5,1,9.3,20.8,11.1,3.9,4377,14986,20870
30222,"Roque-sur-Cèze",64,3,6,2,7.5,17.6,11.1,2.5,3652,13504,24760
30223,"Rousson",52,3,6,2,7.5,18.5,10.4,2.8,3865.5,13845,21900
30224,"Rouvière",53.8,3,5,2,8.3,21.2,10.7,3.3,4324.5,14620,23140
30225,"Sabran",57.3,3,5,2,7.5,17.6,11.1,2.5,3652,13504,24670
30226,"Saint-Alexandre",52.5,3,5,2,9.55,19.75,11.1,2.5,3652,13504,25880
30227,"Saint-Ambroix",52,3,6,2,8.7,20.2,10.5,2.7,4150,14931.5,18170
30228,"Sainte-Anastasie",51.4,3,5,2,9.5,19.5,10.7,3.3,4324.5,14620,23320
30230,"Saint-André-de-Roquepertuis",56.35,3,6,2,6.9,19.5,10.1,2.7,4150,14931.5,23090
30232,"Saint-André-d'Olérargues",57.3,3,5,2,7.5,17.6,11.1,2.5,3652,13504,23980
30233,"Saint-Bauzély",56.95,3,5,2,8.3,21.2,10.4,2.8,4324.5,14620,21280
30235,"Saint-Bonnet-du-Gard",53.1,3,5,2,8.35,18.6,11.1,3.1,4324.5,14620,23660
30237,"Saint-Brès",59.75,3,6,2,8.7,20.2,10.5,2.7,4150,14931.5,18480
30239,"Sainte-Cécile-d'Andorge",109,4,7,3,8.8,17.9,9.6,2.7,3865.5,13845,20810
30240,"Saint-Césaire-de-Gauzignan",52.8,3,4,2,8.7,20.1,10.4,2.8,4150,14931.5,21190
30241,"Saint-Chaptes",53.8,3,5,2,8.3,21.2,10.75,1.7,4324.5,14620,21770
30242,"Saint-Christol-de-Rodières",58.4,3,5,2,8,18.8,11.1,2.5,3652,13504,24470
30243,"Saint-Christol-lez-Alès",58.8,3,5,2,9.1,20.7,10.4,2.8,3865.5,13845,20610
30244,"Saint-Clément",55.9,2,5,2,7.1,19.6,11.1,2.5,4205,15149,25850
30245,"Saint-Côme-et-Maruéjols",56.95,3,5,2,8.3,19.9,11.1,2.5,4205,15149,23300
30247,"Saint-Denis",59.75,3,6,2,8.7,20.2,10.5,2.7,4150,14931.5,19730
30248,"Saint-Dézéry",52.8,3,4,2,8.7,20.1,10.4,2.8,4324.5,14620,21950
30249,"Saint-Dionisy",53,2,2,2,9.7,20.4,12.3,2.5,3851.5,14382.5,26170
30250,"Saint-Étienne-de-l'Olm",54.7,3,6,2,9.4,19.55,10.4,2.8,4150,14931.5,21730
30251,"Saint-Étienne-des-Sorts",49.9,3,5,2,9.85,20.1,11.1,4.8,4164,14547,23330
30253,"Saint-Florent-sur-Auzonnet",86,4,5,2,7.5,18.5,9.6,2.7,3865.5,13845,18680
30254,"Saint-Geniès-de-Comolas",43.25,2,5,1,9.3,20.8,11.1,4.8,4164,14547,22880
30255,"Saint-Geniès-de-Malgoirès",55.8,3,5,2,8.3,21.2,10.4,2.8,4324.5,14620,20870
30256,"Saint-Gervais",64,3,6,2,9.55,19.75,11.1,2.5,3652,13504,24070
30257,"Saint-Gervasy",47.95,3,5,2,9.5,19.5,10.7,3.3,4324.5,14620,21910
30258,"Saint-Gilles",38.75,2,3,1,9.5,19.7,10.85,3.6,3851.5,14382.5,18590
30259,"Saint-Hilaire-de-Brethmas",54.7,3,6,2,9.4,19.55,10.4,2.8,3865.5,13845,22250
30260,"Saint-Hilaire-d'Ozilhan",53.1,3,5,2,8.35,18.6,11.1,3.1,4377,14986,24980
30261,"Saint-Hippolyte-de-Caton",54.7,3,6,2,9.4,19.55,10.4,2.8,4150,14931.5,20850
30262,"Saint-Hippolyte-de-Montaigu",51.1,3,5,2,8.35,18.6,11.1,3.1,4324.5,14620,22460
30264,"Saint-Jean-de-Ceyrargues",52.8,3,4,2,8.7,20.1,10.4,2.8,4150,14931.5,22190
30266,"Saint-Jean-de-Maruéjols-et-Avéjan",59.75,3,6,2,8.7,20.2,10.5,2.7,4150,14931.5,20230
30268,"Saint-Jean-de-Valériscle",52,3,6,2,7.5,18.5,9.6,2.7,3865.5,13845,17920
30269,"Saint-Jean-du-Gard",102,4,7,3,7.7,19.4,10.1,3.1,3865.5,13845,18900
30270,"Saint-Jean-du-Pin",72.95,3,6,2,9.1,20.7,10.4,2.8,3865.5,13845,22850
30271,"Saint-Julien-de-Cassagnas",52,3,6,2,7.5,18.5,10.5,2.7,4150,14931.5,21930
30273,"Saint-Julien-de-Peyrolas",53.7,3,5,2,8,18.8,11.1,2.5,3652,13504,23200
30274,"Saint-Julien-les-Rosiers",86,4,5,2,7.5,18.5,9.6,2.7,3865.5,13845,21770
30275,"Saint-Just-et-Vacquières",49.2,3,6,2,9,17,10.4,2.8,4150,14931.5,21730
30276,"Saint-Laurent-d'Aigouze",34.9,2,4,1,10.9,18.7,12.3,5,4205,15149,22770
30277,"Saint-Laurent-de-Carnols",64,3,6,2,8,18.8,11.1,2.5,3652,13504,23960
30278,"Saint-Laurent-des-Arbres",52.3,2,4,2,9.85,20.1,11.1,4.8,4164,14547,25430
30279,"Saint-Laurent-la-Vernède",55.4,3,6,2,7.5,17.6,11.1,3.1,4150,14931.5,22340
30281,"Saint-Mamert-du-Gard",56.95,3,5,2,8.3,21.2,11.1,2.5,4324.5,14620,23240
30282,"Saint-Marcel-de-Careiret",57.3,3,5,2,7.5,17.6,11.1,3.1,3652,13504,23220
30284,"Saint-Martin-de-Valgalgues",92.5,4,6,3,9.1,20.7,9.6,2.7,3865.5,13845,19220
30285,"Saint-Maurice-de-Cazevieille",52.8,3,4,2,8.7,20.1,10.4,2.8,4150,14931.5,21110
30286,"Saint-Maximin",51.1,3,5,2,8.3,19.1,10.75,1.7,4324.5,14620,23650
30287,"Saint-Michel-d'Euzet",64,3,6,2,8,18.8,11.1,2.5,3652,13504,24330
30288,"Saint-Nazaire",57,3,5,2,9.55,19.75,11.1,2.5,3652,13504,20830
30290,"Saint-Paulet-de-Caisson",50.3,3,5,1.5,8,18.8,11.1,2.5,3652,13504,24460
30291,"Saint-Paul-la-Coste",72.95,3,6,2,7,19.2,9.6,2.7,3865.5,13845,20330
30292,"Saint-Pons-la-Calm",29.55,2,3,1,7.5,17.6,11.1,3.1,4164,14547,23580
30293,"Saint-Privat-de-Champclos",56.35,3,6,2,7.75,18.7,10.1,2.7,4150,14931.5,20080
30294,"Saint-Privat-des-Vieux",54.7,3,6,2,7.5,18.5,10.4,2.8,3865.5,13845,23120
30295,"Saint-Quentin-la-Poterie",51.1,3,5,2,8.3,19.1,10.75,1.7,4150,14931.5,22830
30298,"Saint-Sébastien-d'Aigrefeuille",72.95,3,6,2,7,19.2,9.6,2.7,3865.5,13845,23040
30299,"Saint-Siffret",51.1,3,5,2,8.35,18.6,11.1,3.1,4324.5,14620,26560
30301,"Saint-Victor-des-Oules",51.1,3,5,2,8.35,18.6,11.1,3.1,4324.5,14620,22880
30302,"Saint-Victor-la-Coste",52.3,2,4,2,9.85,20.1,11.1,4.8,4164,14547,24790
30303,"Saint-Victor-de-Malcap",59.75,3,6,2,8.7,20.2,10.5,2.7,4150,14931.5,20860
30304,"Salazac",58.4,3,5,2,8,18.8,11.1,2.5,3652,13504,21350
30305,"Salindres",52,3,6,2,7.5,18.5,10.4,2.8,3865.5,13845,20280
30306,"Salinelles",46.85,3,5,1,8.3,19.9,11.1,2.5,4205,15149,24550
30307,"Salles-du-Gardon",92.5,4,6,3,8.8,17.9,9.6,2.7,3865.5,13845,16820
30308,"Sanilhac-Sagriès",51.1,3,5,2,8.3,19.1,10.75,1.7,4324.5,14620,22350
30312,"Sauveterre",51,3,5,2,9.3,20.8,11.1,3.9,4377,14986,24680
30313,"Sauzet",55.8,3,5,2,8.3,21.2,10.4,2.8,4324.5,14620,22950
30315,"Saze",52.4,3,5,2,8.7,19.8,5.6,3.9,4377,14986,24560
30316,"Sénéchas",67.75,4,7,2,7.9,16.4,9.6,2.7,3865.5,13845,19480
30317,"Sernhac",53.1,3,5,2,10.2,20.2,11.4,3.3,3442,6978,22530
30318,"Servas",52,3,6,2,7.5,18.5,10.4,2.8,4150,14931.5,24330
30319,"Serviers-et-Labaume",49.2,3,6,2,8.3,19.1,10.75,1.7,4150,14931.5,22880
30320,"Seynes",49.2,3,6,2,9,17,10.1,2.7,4150,14931.5,20920
30321,"Sommières",45.6,2,5,1,8.3,19.9,11.1,2.5,4205,15149,20190
30323,"Soustelle",92.5,4,6,3,8.8,17.9,9.6,2.7,3865.5,13845,19300
30324,"Souvignargues",46.85,3,5,1,8.3,19.9,11.1,2.5,4205,15149,23900
30326,"Tavel",52.3,2,4,2,8.5,20.1,11.1,3.9,4377,14986,24260
30328,"Théziers",43.5,2,5,2,10.2,20.2,11.4,3.3,4377,14986,22350
30331,"Tresques",50.15,3,5,2,7.5,17.6,11.1,4.8,4164,14547,24350
30333,"Uchaud",53,2,2,2,9.5,19.7,10.85,3.6,3851.5,14382.5,21440
30334,"Uzès",51.1,3,5,2,8.3,19.1,10.75,1.7,4324.5,14620,20910
30336,"Vallabrègues",43.5,2,5,2,10.2,20.2,11.4,3.3,3442,6978,22090
30337,"Vallabrix",51.1,3,5,2,8.35,18.6,11.1,3.1,4150,14931.5,22050
30338,"Vallérargues",55.4,3,6,2,9,17,10.1,2.7,4150,14931.5,21100
30340,"Valliguières",52.3,2,4,2,8.35,18.6,11.1,3.1,4377,14986,23420
30341,"Vauvert",36.1,2,4,1,9.5,19.7,10.85,3.6,3851.5,14382.5,19990
30342,"Vénéjan",52.45,3,5,2,9.55,19.75,11.1,4.8,4164,14547,26410
30343,"Verfeuil",55.4,3,6,2,7.5,17.6,10.1,2.7,4150,14931.5,22420
30344,"Vergèze",41,2,4,1,9.7,20.4,12.3,3.6,3851.5,14382.5,23860
30345,"Vernarède",109,4,7,3,8.8,17.9,9.6,2.7,3865.5,13845,18680
30346,"Vers-Pont-du-Gard",53.1,3,5,2,8.35,18.6,11.1,3.1,4324.5,14620,23130
30347,"Vestric-et-Candiac",53,2,2,2,9.5,19.7,10.85,3.6,3851.5,14382.5,22380
30348,"Vézénobres",54.7,3,6,2,9.4,19.55,10.4,2.8,3865.5,13845,23250
30351,"Villeneuve-lès-Avignon",51,3,5,2,8.5,20.1,11.1,3.9,4377,14986,27590
30352,"Villevieille",46.85,3,5,1,8.3,19.9,11.1,2.5,4205,15149,25330
30355,"Saint-Paul-les-Fonts",52.3,2,4,2,7.5,17.6,11.1,4.8,4164,14547,23980
30356,"Rodilhan",45.45,2,5,1,9.5,19.5,10.7,3.3,4324.5,14620,23140
31001,"Agassac",59.5,4,6,2,9.4,18.1,11.7,3.6,3884,14003,20370
31002,"Aignes",52.1,3,7,2,9.9,19.4,11.9,3.3,3371,12963,25830
31003,"Aigrefeuille",52.5,4,7,1,9.5,19.4,12.1,2.9,3982,14329.5,32490
31004,"Ayguesvives",54.65,4,8,1,9.9,19.4,11.7,3,3556,13450,28200
31005,"Alan",79.8,5,10,3,6.1,18.3,11.3,1.8,3884,14003,23630
31006,"Albiac",63.1,4,8,2,8.6,18.45,11.4,4.6,3605,15422,25480
31008,"Anan",59.5,4,6,2,7.4,18.6,11.7,3.6,3884,14003,21040
31010,"Antignac",73.2,4,9,2,5.45,17.9,9.9,1.6,3285,12622,22030
31011,"Arbas",89.2,6,9,3,7.8,18.8,11.3,1.8,3884,14003,19950
31013,"Ardiège",63.5,4,9,2,6.55,18.25,11.1,2.2,3373,13106.5,23690
31018,"Arnaud-Guilhem",79.8,5,10,3,6.1,18.3,11.3,1.8,3884,14003,22460
31020,"Aspet",106.45,6,7.5,4,7.8,18.8,11.3,1.8,3884,14003,19880
31021,"Aspret-Sarrat",73,6,9,3,6.55,18.25,11.1,2.2,3373,13106.5,26070
31022,"Aucamville",51.2,3,8,1,8.4,18.1,11.3,3.6,3378,12998.5,22860
31023,"Aulon",55.3,4,8,2,6.1,18.3,11.3,1.8,3884,14003,19670
31024,"Auragne",52.1,3,7,2,9.9,19.4,12.1,2.9,3982,14329.5,23950
31025,"Aureville",46.9,3,7,1,9.5,19.4,12.1,2.9,3982,14329.5,34680
31026,"Auriac-sur-Vendinelle",63.1,4,8,2,8.6,18.45,11.4,4.6,3605,15422,23450
31027,"Auribail",51.65,3.5,8,2,8.2,18.8,11.5,3.3,3522.5,13496,24140
31028,"Aurignac",79.8,5,10,3,6.1,18.3,11.3,1.8,3884,14003,20520
31029,"Aurin",54.65,4,8,1,8.6,18.45,11.7,3,3556,13450,27040
31031,"Ausson",63.5,4,9,2,6.55,18.25,11.1,2.2,3373,13106.5,22050
31032,"Aussonne",49.65,3,8,1,8.4,18.1,11.3,3.6,3378,12998.5,26070
31033,"Auterive",52.1,3,7,2,9.9,19.4,12.1,2.9,3982,14329.5,22080
31034,"Auzas",79.8,5,10,3,6.1,18.3,11.3,1.8,3884,14003,22350
31035,"Auzeville-Tolosane",52.5,4,7,1,9.5,19.4,12.1,2.9,3982,14329.5,29070
31036,"Auzielle",52.5,4,7,1,9.5,19.4,12.1,2.9,3982,14329.5,29890
31037,"Avignonet-Lauragais",33.35,3,5.5,1,12.8,24,11.7,3,3556,13450,24320
31038,"Azas",44.5,3,7.5,1,8.2,20.5,13,1.9,3455,13217,26960
31041,"Bagiry",61.25,5,6,3,0.9,11.4,11.1,2.2,3373,13106.5,22760
31042,"Bagnères-de-Luchon",54.5,3,6,1,5.45,17.9,9.9,1.6,3285,12622,20320
31043,"Balesta",73,5,9,3,7,18.3,11.2,2.2,3522.5,13426.5,22100
31044,"Balma",52.5,4,7,1,9.5,19.4,12.1,2.9,3982,14329.5,28580
31045,"Barbazan",63.5,4,9,2,6.55,18.25,11.1,2.2,3373,13106.5,21160
31048,"Baziège",54.65,4,8,1,9.9,19.4,11.7,3,3556,13450,25570
31049,"Bazus",51.6,3,9,1,4.6,12.4,11.3,3.6,3378,12998.5,29440
31050,"Beauchalot",79.8,5,10,3,6.1,18.3,11.3,1.8,3884,14003,20120
31051,"Beaufort",55.6,3,8,2,7.95,19.45,11.9,2.5,3664,13465,24320
31052,"Beaumont-sur-Lèze",51.65,3.5,8,2,8.2,18.8,11.5,3.3,3522.5,13496,25190
31053,"Beaupuy",51.6,3,9,1,4.6,12.4,12.1,2.9,3982,14329.5,30020
31054,"Beauteville",33.35,3,5.5,1,8.4,18.35,11.7,3,3556,13450,28540
31055,"Beauville",48.5,3,7,1,8.6,18.45,11.7,3,3556,13450,24170
31056,"Beauzelle",49.65,3,8,1,8.4,18.1,11.3,3.6,3378,12998.5,24650
31057,"Belberaud",54.65,4,8,1,9.5,19.4,12.1,2.9,3982,14329.5,29720
31058,"Belbèze-de-Lauragais",52.1,3,7,2,9.9,19.4,12.1,2.9,3982,14329.5,31100
31059,"Belbèze-en-Comminges",53.5,3,8,1.5,8.7,20.45,11.3,1.9,3208.5,12950,21530
31060,"Bélesta-en-Lauragais",48.5,3,7,1,9.5,17.6,11.4,4.6,3605,15422,22770
31061,"Bellegarde-Sainte-Marie",57,4,9,2,9.9,17.7,12.2,3.2,3536.5,12600.5,27790
31063,"Benque",53.5,3,8,1.5,7.35,19.4,11.3,1.9,3884,14003,23820
31065,"Bérat",47,3,7,2,7.6,18,11.9,2.5,3664,13465,23880
31066,"Bessières",54.1,4,9,2,4.6,12.4,13,3,3239.5,12941.5,23110
31069,"Blagnac",49.65,3,8,1,8.4,18.1,11.3,3.6,3378,12998.5,25350
31070,"Blajan",68.35,4,9,2,7.4,18.6,11.2,2.2,3522.5,13426.5,20350
31071,"Bois-de-la-Pierre",47,3,7,2,7.6,18,11.9,2.5,3664,13465,23160
31073,"Bondigoux",54.1,4,9,2,4.6,12.4,11.2,3,3239.5,12941.5,24930
31074,"Bonrepos-Riquet",51.6,3,9,1,4.6,12.4,13,2.9,3982,14329.5,29460
31075,"Bonrepos-sur-Aussonnelle",55.6,3,8,2,7.95,19.45,11.9,2.5,3664,13465,28150
31076,"Bordes-de-Rivière",63.5,4,9,2,6.55,18.25,11.1,2.2,3373,13106.5,22250
31077,"Born",54.1,4,9,2,4.6,12.4,11.2,3,3239.5,12941.5,23720
31078,"Boudrac",73,5,9,3,7,18.3,11.2,2.2,3522.5,13426.5,22120
31079,"Bouloc",54.1,4,9,2,4.6,12.4,12.5,2.3,3593,13187,27260
31080,"Boulogne-sur-Gesse",68.35,4,9,2,7.4,18.6,11.2,2.2,3522.5,13426.5,19490
31082,"Bourg-Saint-Bernard",63.1,4,8,2,8.6,18.45,11.8,1.9,3455,13217,25430
31083,"Boussan",55.3,4,8,2,6.1,18.3,11.3,1.8,3884,14003,21850
31084,"Boussens",79.8,5,10,3,7.35,19.4,11.3,1.9,3884,14003,22460
31085,"Boutx",106.45,6,7.5,4,6.6,17.8,9.9,1.6,3285,12622,20020
31087,"Bragayrac",55.6,3,8,2,7.95,19.45,11.9,2.5,3664,13465,24210
31088,"Brax",51.7,3,8,1,8.4,18.1,11.3,3.6,3378,12998.5,30110
31089,"Bretx",51.7,3,8,1,8.4,18.9,11.6,3,3834,14927,29070
31090,"Brignemont",51.25,3,8,1,9.9,17.7,12.2,3.2,3536.5,12600.5,21630
31091,"Bruguières",51.2,3,8,1,4.6,12.4,12.5,2.3,3593,13187,25540
31092,"Burgalays",77.2,5,9,2,5.45,17.9,9.9,1.6,3285,12622,23580
31093,"Burgaud",47.9,3,7,1,8.4,18.9,11.6,3,3834,14927,22730
31094,"Buzet-sur-Tarn",44.5,3,7.5,1,8.2,20.5,13,3,3239.5,12941.5,25560
31095,"Cabanac-Cazaux",73,6,9,3,6.55,18.25,11.1,2.2,3373,13106.5,22980
31096,"Cabanac-Séguenville",51.25,3,8,1,9.2,18.8,11.6,3,3834,14927,22330
31097,"Cabanial",63.1,4,8,2,9.5,17.6,11.4,4.6,3605,15422,23700
31098,"Cadours",53.2,4,8,1,9.9,17.7,12.2,3.2,3536.5,12600.5,23040
31099,"Caignac",55.15,4,7,2,8.4,18.35,11.7,3,3556,13450,23960
31100,"Calmont",54,4,8,1,7.85,18.1,11.9,3.3,3371,12963,23560
31101,"Cambernard",48.8,3,8,1,7.6,18,11.9,2.5,3664,13465,25100
31102,"Cambiac",48.5,3,7,1,8.6,18.45,11.4,4.6,3605,15422,26510
31104,"Capens",51.7,4,8,2,7.6,18,11.9,2.5,3664,13465,23990
31105,"Caragoudes",54.65,4,8,1,8.6,18.45,11.7,3,3556,13450,27750
31106,"Caraman",63.1,4,8,2,8.6,18.45,11.7,3,3556,13450,24710
31107,"Carbonne",47,3,7,2,7.6,18,11.9,2.5,3664,13465,22590
31108,"Cardeilhac",68.35,4,9,2,7.4,18.6,11.1,2.2,3373,13106.5,18540
31109,"Cassagnabère-Tournas",55.3,4,8,2,6.1,18.3,11.3,1.8,3884,14003,19470
31110,"Cassagne",79.8,5,10,3,8.7,20.45,11.3,1.9,3884,14003,24240
31111,"Castagnac",57.25,4,8,2,8,17.2,11.55,2.8,3522.5,13496,21720
31112,"Castagnède",64.85,4,9,2,7.8,18.8,11.3,1.8,3884,14003,23040
31113,"Castanet-Tolosan",52.5,4,7,1,9.5,19.4,12.1,2.9,3982,14329.5,25080
31114,"Castelbiague",64.85,4,9,2,7.8,18.8,11.3,1.8,3884,14003,21970
31116,"Castelginest",51.2,3,8,1,4.6,12.4,11.3,3.6,3378,12998.5,23790
31117,"Castelmaurou",51.6,3,9,1,4.6,12.4,12.1,2.9,3982,14329.5,28780
31118,"Castelnau-d'Estrétefonds",53,4,8,2,8.6,19.4,12.5,2.3,3593,13187,24980
31119,"Castelnau-Picampeau",53.5,3,8,1.5,7.35,19.4,11.3,1.9,3664,13465,22170
31120,"Castéra",51.7,3,8,1,8.4,18.9,11.6,3,3834,14927,27420
31124,"Castillon-de-Saint-Martory",79.8,5,10,3,6.1,18.3,11.3,1.8,3884,14003,21880
31126,"Caubiac",53.2,4,8,1,9.9,17.7,12.2,3.2,3536.5,12600.5,26630
31128,"Caujac",57.25,4,8,2,8,17.2,11.55,2.8,3550,14132.5,23300
31135,"Cazères",52.4,4,8,1,7.35,19.4,11.3,1.9,3208.5,12950,20080
31136,"Cépet",51.2,3,8,1,4.6,12.4,12.5,2.3,3593,13187,25370
31137,"Cessales",54.65,4,8,1,8.6,18.45,11.7,3,3556,13450,24640
31138,"Charlas",55.3,4,8,2,7.4,18.6,11.1,2.2,3373,13106.5,20210
31139,"Chaum",77.2,5,9,2,0.9,11.4,9.9,1.6,3285,12622,21510
31140,"Chein-Dessus",106.45,6,7.5,4,7.8,18.8,11.3,1.8,3884,14003,20480
31141,"Ciadoux",55.3,4,8,2,7.4,18.6,11.3,1.8,3884,14003,19090
31142,"Cier-de-Luchon",83.3,5,11,3,5.45,17.9,9.9,1.6,3285,12622,24930
31143,"Cier-de-Rivière",63.5,4,9,2,6.55,18.25,11.1,2.2,3373,13106.5,22480
31144,"Cierp-Gaud",77.2,5,9,2,0.9,11.4,9.9,1.6,3285,12622,20750
31145,"Cintegabelle",52.1,3,7,2,9.9,19.4,11.9,3.3,3371,12963,22210
31147,"Clarac",63.5,4,9,2,6.55,18.25,11.1,2.2,3373,13106.5,23500
31148,"Clermont-le-Fort",52.1,3,7,2,9.5,19.4,12.1,2.9,3982,14329.5,34480
31149,"Colomiers",49.65,3,8,1,8.4,18.1,11.3,3.6,3378,12998.5,23690
31150,"Cornebarrieu",49.65,3,8,1,8.4,18.1,11.3,3.6,3378,12998.5,25600
31151,"Corronsac",52.1,3,7,2,9.5,19.4,12.1,2.9,3982,14329.5,32380
31153,"Couladère",52.4,4,8,1,7.35,19.4,11.3,1.9,3208.5,12950,22250
31155,"Couret",73,6,9,3,6.1,18.3,11.3,1.8,3884,14003,22190
31156,"Cox",53.2,4,8,1,9.9,17.7,12.2,3.2,3536.5,12600.5,22860
31157,"Cugnaux",46.9,3,7,1,8.8,17.9,11.5,3.3,3374,13251,23980
31158,"Cuguron",73,5,9,3,6.55,18.25,11.1,2.2,3373,13106.5,22570
31159,"Cuing",73,5,9,3,6.55,18.25,11.1,2.2,3373,13106.5,21010
31160,"Daux",51.7,3,8,1,8.6,19.4,12.5,2.3,3593,13187,27000
31161,"Deyme",52.1,3,7,2,9.5,19.4,12.1,2.9,3982,14329.5,28660
31162,"Donneville",52.1,3,7,2,9.5,19.4,12.1,2.9,3982,14329.5,26760
31163,"Drémil-Lafage",52.5,4,7,1,9.5,19.4,12.1,2.9,3982,14329.5,30000
31164,"Drudas",53.2,4,8,1,8.4,18.9,11.6,3,3834,14927,28040
31165,"Eaunes",44.85,3,8,1,8.2,18.8,11.5,3.3,3522.5,13496,24230
31166,"Empeaux",55.6,3,8,2,7.95,19.45,12.2,3.2,3536.5,12600.5,23970
31167,"Encausse-les-Thermes",73,6,9,3,6.1,18.3,11.3,1.8,3884,14003,20990
31168,"Eoux",59.5,4,6,2,6.1,18.3,11.3,1.8,3884,14003,20590
31169,"Escalquens",52.5,4,7,1,9.5,19.4,12.1,2.9,3982,14329.5,27790
31170,"Escanecrabe",55.3,4,8,2,7.4,18.6,11.3,1.8,3884,14003,19790
31171,"Espanès",52.1,3,7,2,9.5,19.4,12.1,2.9,3982,14329.5,31340
31173,"Esperce",51.65,3.5,8,2,8,17.2,11.55,2.8,3522.5,13496,24620
31174,"Estadens",106.45,6,7.5,4,7.8,18.8,11.3,1.8,3884,14003,22220
31175,"Estancarbon",73,6,9,3,6.1,18.3,11.3,1.8,3884,14003,23260
31176,"Esténos",77.2,5,9,2,0.9,11.4,9.9,1.6,3285,12622,20980
31177,"Eup",77.2,5,9,2,0.9,11.4,9.9,1.6,3285,12622,23820
31178,"Fabas",59.5,4,6,2,7.35,19.4,11.3,1.9,3884,14003,20310
31179,"Faget",63.1,4,8,2,8.6,18.45,11.8,1.9,3455,13217,25640
31180,"Falga",48.5,3,7,1,9.5,17.6,11.4,4.6,3605,15422,23560
31181,"Fauga",44.85,3,8,1,8.2,18.8,11.5,3.3,3522.5,13496,24080
31182,"Fenouillet",51.2,3,8,1,8.4,18.1,11.3,3.6,3378,12998.5,22940
31183,"Figarol",79.8,5,10,3,6.1,18.3,11.3,1.8,3884,14003,21590
31184,"Flourens",52.5,4,7,1,9.5,19.4,12.1,2.9,3982,14329.5,29110
31185,"Folcarde",33.35,3,5.5,1,12.8,24,11.7,3,3556,13450,24870
31186,"Fonbeauzard",51.2,3,8,1,4.6,12.4,11.3,3.6,3378,12998.5,23240
31187,"Fonsorbes",49.9,3,8,2,8.2,18.8,11.5,3.3,3522.5,13496,25650
31188,"Fontenilles",49.9,3,8,2,8.2,18.8,11.5,3.3,3522.5,13496,27860
31189,"Forgues",55.6,3,8,2,7.95,19.45,11.9,2.5,3664,13465,25100
31190,"Fos",77.2,5,9,2,5.45,17.9,9.9,1.6,3285,12622,19960
31191,"Fougaron",85.95,5,10,3,7.8,18.8,11.3,1.8,3884,14003,23300
31192,"Fourquevaux",54.65,4,8,1,9.9,19.4,12.1,2.9,3982,14329.5,28610
31193,"Fousseret",52.4,4,8,1,7.35,19.4,11.3,1.9,3664,13465,22000
31194,"Francarville",63.1,4,8,2,8.6,18.45,11.8,1.9,3455,13217,24870
31196,"Francon",53.5,3,8,1.5,7.35,19.4,11.3,1.9,3884,14003,23340
31197,"Franquevielle",73,5,9,3,6.55,18.25,11.1,2.2,3373,13106.5,23630
31198,"Fréchet",79.8,5,10,3,6.1,18.3,11.3,1.8,3884,14003,22700
31199,"Fronsac",77.2,5,9,2,0.9,11.4,11.1,2.2,3373,13106.5,22450
31202,"Fronton",53,4,8,2,8.6,19.4,12.5,2.3,3593,13187,24760
31203,"Frouzins",46.9,3,7,1,8.8,17.9,11.5,3.3,3374,13251,25080
31205,"Gagnac-sur-Garonne",51.2,3,8,1,8.6,19.4,12.5,2.3,3593,13187,25090
31206,"Gaillac-Toulza",57.25,4,8,2,8,17.2,11.55,2.8,3550,14132.5,22130
31208,"Ganties",73,6,9,3,6.1,18.3,11.3,1.8,3884,14003,21110
31209,"Garac",57,4,9,2,9.9,17.7,12.2,3.2,3536.5,12600.5,24490
31210,"Gardouch",54.65,4,8,1,8.4,18.35,11.7,3,3556,13450,25010
31211,"Gargas",51.6,3,9,1,4.6,12.4,12.5,2.3,3593,13187,26590
31212,"Garidech",51.6,3,9,1,4.6,12.4,12.1,2.9,3982,14329.5,27280
31213,"Garin",103.8,7,13,4,4.4,12.2,6.8,1.8,3285,12622,22650
31215,"Gauré",51.6,3,9,1,9.5,19.4,12.1,2.9,3982,14329.5,28450
31216,"Gémil",51.6,3,9,1,4.6,12.4,13,2.9,3982,14329.5,27930
31218,"Gensac-de-Boulogne",68.35,4,9,2,7.4,18.6,11.2,2.2,3522.5,13426.5,15630
31219,"Gensac-sur-Garonne",52.4,4,8,1,7.35,19.4,11.3,1.9,3664,13465,22750
31220,"Gibel",48.5,3,7,1,7.85,18.1,11.9,3.3,3371,12963,23400
31224,"Gourdan-Polignan",63.5,4,9,2,6.55,18.25,11.1,2.2,3373,13106.5,19760
31225,"Goutevernisse",74.7,5,10,3,7.35,19.4,11.3,1.9,3664,13465,22950
31227,"Goyrans",46.9,3,7,1,8.8,17.9,11.5,3.3,3374,13251,38740
31228,"Gragnague",51.6,3,9,1,4.6,12.4,12.1,2.9,3982,14329.5,28720
31229,"Gratens",47,3,7,2,7.95,19.45,11.9,2.5,3664,13465,24140
31230,"Gratentour",51.2,3,8,1,4.6,12.4,11.3,3.6,3378,12998.5,25020
31231,"Grazac",51.65,3.5,8,2,8,17.2,11.55,2.8,3982,14329.5,23640
31232,"Grenade",51.7,3,8,1,8.6,19.4,12.5,2.3,3593,13187,23810
31233,"Grépiac",51.65,3.5,8,2,9.5,19.4,12.1,2.9,3982,14329.5,25750
31234,"Grès",53.2,4,8,1,8.4,18.9,11.6,3,3834,14927,25150
31237,"His",64.85,4,9,2,7.8,18.8,11.3,1.8,3884,14003,19320
31238,"Huos",63.5,4,9,2,6.55,18.25,11.1,2.2,3373,13106.5,20310
31239,"Isle-en-Dodon",59.5,4,6,2,9.4,18.1,11.7,3.6,3448.5,13400,19930
31240,"Issus",52.1,3,7,2,9.5,19.4,12.1,2.9,3982,14329.5,27490
31241,"Izaut-de-l'Hôtel",73,6,9,3,6.1,18.3,11.3,1.8,3884,14003,21710
31244,"Juzet-de-Luchon",73.2,4,9,2,5.45,17.9,9.9,1.6,3285,12622,21820
31245,"Juzet-d'Izaut",106.45,6,7.5,4,7.8,18.8,11.3,1.8,3884,14003,21040
31246,"Labarthe-Inard",73,6,9,3,6.1,18.3,11.3,1.8,3884,14003,21970
31247,"Labarthe-Rivière",58.5,4,9,2,6.55,18.25,11.1,2.2,3373,13106.5,23030
31248,"Labarthe-sur-Lèze",46.9,3,7,1,8.8,17.9,11.5,3.3,3374,13251,24260
31249,"Labastide-Beauvoir",54.65,4,8,1,9.9,19.4,11.7,3,3556,13450,25880
31250,"Labastide-Clermont",55.6,3,8,2,7.95,19.45,11.9,2.5,3664,13465,22950
31251,"Labastide-Paumès",59.5,4,6,2,7.35,19.4,11.3,1.9,3884,14003,19620
31252,"Labastide-Saint-Sernin",51.6,3,9,1,4.6,12.4,11.3,3.6,3378,12998.5,27030
31253,"Labastidette",48.8,3,8,1,8.2,18.8,11.5,3.3,3522.5,13496,24760
31254,"Labège",52.5,4,7,1,9.5,19.4,12.1,2.9,3982,14329.5,26350
31255,"Labroquère",63.5,4,9,2,6.55,18.25,11.1,2.2,3373,13106.5,22270
31256,"Labruyère-Dorsa",52.1,3,7,2,9.5,19.4,12.1,2.9,3982,14329.5,28110
31258,"Lacaugne",51.7,4,8,2,8,17.2,11.55,2.8,3664,13465,23740
31259,"Lacroix-Falgarde",46.9,3,7,1,8.8,17.9,11.5,3.3,3374,13251,31270
31261,"Lafitte-Vigordane",47,3,7,2,7.6,18,11.9,2.5,3664,13465,25180
31262,"Lagarde",54.65,4,8,1,8.4,18.35,11.7,3,3556,13450,24870
31263,"Lagardelle-sur-Lèze",51.65,3.5,8,2,8.8,17.9,11.5,3.3,3374,13251,24980
31264,"Lagrâce-Dieu",51.65,3.5,8,2,8.2,18.8,11.5,3.3,3522.5,13496,24330
31265,"Lagraulet-Saint-Nicolas",53.2,4,8,1,8.4,18.9,11.6,3,3834,14927,22000
31266,"Lahage",55.6,3,8,2,7.95,19.45,11.9,2.5,3664,13465,25280
31268,"Lalouret-Laffiteau",55.3,4,8,2,7.4,18.6,11.1,2.2,3373,13106.5,22630
31269,"Lamasquère",49.9,3,8,2,8.2,18.8,11.5,3.3,3522.5,13496,25620
31270,"Landorthe",73,6,9,3,6.1,18.3,11.3,1.8,3884,14003,25120
31271,"Lanta",54.65,4,8,1,8.6,18.45,11.7,3,3556,13450,27130
31273,"Lapeyrouse-Fossat",51.6,3,9,1,4.6,12.4,11.3,3.6,3378,12998.5,30580
31274,"Larcan",65.3,4,8,2,7.4,18.6,11.1,2.2,3373,13106.5,23100
31275,"Laréole",53.2,4,8,1,9.9,17.7,12.2,3.2,3536.5,12600.5,23310
31276,"Larroque",68.35,4,9,2,7.4,18.6,11.1,2.2,3373,13106.5,18950
31277,"Lasserre-Pradère",51.7,3,8,1,8.4,18.1,11.3,3.6,3378,12998.5,27610
31278,"Latoue",73,6,9,3,6.1,18.3,11.3,1.8,3884,14003,21890
31280,"Latrape",51.7,4,8,2,8,17.2,11.55,2.8,3664,13465,22730
31281,"Launac",51.7,3,8,1,8.4,18.9,11.6,3,3834,14927,24140
31282,"Launaguet",51.2,3,8,1,4.6,12.4,11.3,3.6,3378,12998.5,23290
31283,"Lautignac",55.6,3,8,2,7.95,19.45,11.9,2.5,3664,13465,23130
31284,"Lauzerville",52.5,4,7,1,9.5,19.4,12.1,2.9,3982,14329.5,33820
31285,"Lavalette",51.6,3,9,1,9.5,19.4,12.1,2.9,3982,14329.5,31140
31286,"Lavelanet-de-Comminges",52.4,4,8,1,7.35,19.4,11.3,1.9,3664,13465,22740
31287,"Lavernose-Lacasse",48.8,3,8,1,8.2,18.8,11.5,3.3,3522.5,13496,24630
31288,"Layrac-sur-Tarn",54.1,4,9,2,4.6,12.4,13,3,3239.5,12941.5,24080
31289,"Lécussan",73,5,9,3,6.45,16.15,11.2,2.2,3522.5,13426.5,21370
31291,"Léguevin",49.9,3,8,2,8.2,18.8,11.5,3.3,3522.5,13496,26280
31293,"Lespinasse",51.2,3,8,1,8.6,19.4,12.5,2.3,3593,13187,24570
31296,"Lestelle-de-Saint-Martory",79.8,5,10,3,6.1,18.3,11.3,1.8,3884,14003,20840
31297,"Lévignac",51.7,3,8,1,8.6,19.4,12.5,2.3,3593,13187,27650
31299,"Lherm",48.8,3,8,1,7.6,18,11.9,2.5,3664,13465,25030
31300,"Lieoux",73,6,9,3,6.1,18.3,11.3,1.8,3884,14003,21550
31301,"Lilhac",55.3,4,8,2,7.4,18.6,11.3,1.8,3884,14003,20380
31302,"Lodes",58.5,4,9,2,6.55,18.25,11.1,2.2,3373,13106.5,22510
31303,"Longages",47,3,7,2,7.6,18,11.9,2.5,3664,13465,23810
31304,"Loubens-Lauragais",63.1,4,8,2,8.6,18.45,11.8,1.9,3455,13217,26040
31305,"Loudet",73,5,9,3,6.55,18.25,11.1,2.2,3373,13106.5,22040
31306,"Lourde",77.2,5,9,2,0.9,11.4,11.1,2.2,3373,13106.5,22870
31309,"Lussan-Adeilhac",53.5,3,8,1.5,7.35,19.4,11.3,1.9,3884,14003,25170
31310,"Lux",33.35,3,5.5,1,8.6,18.45,11.7,3,3556,13450,24400
31311,"Magdelaine-sur-Tarn",54.1,4,9,2,4.6,12.4,13,2.3,3593,13187,22710
31313,"Malvezie",58.5,4,9,2,6.55,18.25,11.1,2.2,3373,13106.5,22750
31314,"Mancioux",79.8,5,10,3,6.1,18.3,11.3,1.8,3884,14003,23860
31315,"Mane",79.8,5,10,3,6.1,18.3,11.3,1.8,3884,14003,21030
31316,"Marignac",77.2,5,9,2,5.45,17.9,9.9,1.6,3285,12622,20820
31317,"Marignac-Lasclares",47,3,7,2,7.95,19.45,11.3,1.9,3664,13465,22950
31318,"Marignac-Laspeyres",53.5,3,8,1.5,7.35,19.4,11.3,1.9,3884,14003,25150
31319,"Marliac",60,4,9,2,8,17.2,11.55,2.8,3550,14132.5,23320
31320,"Marquefave",51.7,4,8,2,7.6,18,11.9,2.5,3664,13465,24070
31321,"Marsoulas",79.8,5,10,3,8.7,20.45,11.3,1.9,3884,14003,22870
31323,"Martres-de-Rivière",63.5,4,9,2,6.55,18.25,11.1,2.2,3373,13106.5,22840
31324,"Martres-Tolosane",53.5,3,8,1.5,7.35,19.4,11.3,1.9,3884,14003,20830
31325,"Mascarville",63.1,4,8,2,8.6,18.45,11.7,3,3556,13450,26380
31326,"Massabrac",57.25,4,8,2,8,17.2,11.55,2.8,3522.5,13496,21010
31327,"Mauran",53.5,3,8,1.5,7.35,19.4,11.3,1.9,3884,14003,21550
31328,"Mauremont",54.65,4,8,1,8.4,18.35,11.7,3,3556,13450,27240
31329,"Maurens",48.5,3,7,1,8.6,18.45,11.4,4.6,3605,15422,23940
31330,"Mauressac",51.65,3.5,8,2,8,17.2,11.55,2.8,3522.5,13496,24170
31331,"Maureville",54.65,4,8,1,8.6,18.45,11.7,3,3556,13450,26930
31332,"Mauvaisin",52.1,3,7,2,9.9,19.4,11.7,3,3556,13450,24670
31334,"Mauzac",51.7,4,8,2,8.2,18.8,11.5,3.3,3522.5,13496,25570
31336,"Mazères-sur-Salat",79.8,5,10,3,6.1,18.3,11.3,1.8,3884,14003,22380
31337,"Melles",106.45,6,7.5,4,6.6,17.8,9.9,1.6,3285,12622,17810
31338,"Menville",51.7,3,8,1,8.4,18.9,11.6,3,3834,14927,28670
31339,"Mérenvielle",51.7,3,8,1,9.9,17.7,12.2,3.2,3536.5,12600.5,28330
31340,"Mervilla",52.5,4,7,1,9.5,19.4,12.1,2.9,3982,14329.5,42970
31341,"Merville",51.7,3,8,1,8.6,19.4,12.5,2.3,3593,13187,24450
31342,"Milhas",106.45,6,7.5,4,7.8,18.8,11.3,1.8,3884,14003,21120
31344,"Miramont-de-Comminges",73,6,9,3,6.1,18.3,11.3,1.8,3884,14003,20040
31345,"Miremont",51.65,3.5,8,2,8.8,17.9,11.5,3.3,3374,13251,24160
31346,"Mirepoix-sur-Tarn",54.1,4,9,2,4.6,12.4,13,3,3239.5,12941.5,22780
31347,"Molas",59.5,4,6,2,9.4,18.1,11.7,3.6,3448.5,13400,21460
31349,"Mondavezan",53.5,3,8,1.5,7.35,19.4,11.3,1.9,3884,14003,23490
31351,"Mondonville",49.65,3,8,1,8.4,18.1,11.3,3.6,3378,12998.5,23920
31352,"Mondouzil",51.6,3,9,1,9.5,19.4,12.1,2.9,3982,14329.5,31680
31355,"Mons",52.5,4,7,1,9.5,19.4,12.1,2.9,3982,14329.5,33530
31356,"Montaigut-sur-Save",51.7,3,8,1,8.6,19.4,12.5,2.3,3593,13187,28060
31357,"Montastruc-de-Salies",64.85,4,9,2,7.8,18.8,11.3,1.8,3884,14003,20580
31358,"Montastruc-la-Conseillère",51.6,3,9,1,4.6,12.4,13,2.9,3982,14329.5,27630
31360,"Montauban-de-Luchon",73.2,4,9,2,5.45,17.9,9.9,1.6,3285,12622,21550
31361,"Montaut",51.7,4,8,2,8.2,18.8,11.5,3.3,3522.5,13496,26770
31362,"Montberaud",74.7,5,10,3,8.7,20.45,11.3,1.9,3208.5,12950,21210
31363,"Montbernard",55.3,4,8,2,7.4,18.6,11.3,1.8,3884,14003,20170
31364,"Montberon",51.6,3,9,1,4.6,12.4,11.3,3.6,3378,12998.5,27790
31365,"Montbrun-Bocage",74.7,5,10,3,7.75,19.8,11.55,2.8,3208.5,12950,16030
31366,"Montbrun-Lauragais",52.1,3,7,2,9.5,19.4,12.1,2.9,3982,14329.5,29650
31368,"Montclar-Lauragais",33.35,3,5.5,1,8.4,18.35,11.7,3,3556,13450,25080
31370,"Montégut-Bourjac",53.5,3,8,1.5,7.35,19.4,11.3,1.9,3884,14003,22740
31371,"Montégut-Lauragais",48.5,3,7,1,9.5,17.6,11.4,4.6,3605,15422,23530
31372,"Montespan",79.8,5,10,3,6.1,18.3,11.3,1.8,3884,14003,22270
31373,"Montesquieu-Guittaut",59.5,4,6,2,7.4,18.6,11.8,1.4,3448.5,13400,19250
31374,"Montesquieu-Lauragais",54.65,4,8,1,9.9,19.4,11.7,3,3556,13450,26350
31375,"Montesquieu-Volvestre",74.7,5,10,3,8,17.2,11.55,2.8,3208.5,12950,21660
31376,"Montgaillard-de-Salies",64.85,4,9,2,7.8,18.8,11.3,1.8,3884,14003,16280
31377,"Montgaillard-Lauragais",54.65,4,8,1,8.4,18.35,11.7,3,3556,13450,25880
31379,"Montgazin",51.7,4,8,2,8.2,18.8,11.5,3.3,3522.5,13496,25420
31380,"Montgeard",54.65,4,8,1,9.9,19.4,11.7,3,3556,13450,26290
31381,"Montgiscard",54.65,4,8,1,9.9,19.4,12.1,2.9,3982,14329.5,27200
31382,"Montgras",55.6,3,8,2,7.95,19.45,11.9,2.5,3664,13465,23510
31383,"Montjoire",54.1,4,9,2,4.6,12.4,12.5,2.3,3593,13187,26230
31384,"Montlaur",54.65,4,8,1,9.9,19.4,12.1,2.9,3982,14329.5,27080
31385,"Montmaurin",68.35,4,9,2,7.4,18.6,11.1,2.2,3373,13106.5,19400
31386,"Montoulieu-Saint-Bernard",79.8,5,10,3,6.1,18.3,11.3,1.8,3884,14003,23840
31387,"Montoussin",53.5,3,8,1.5,7.35,19.4,11.3,1.9,3884,14003,31410
31388,"Montpitol",44.5,3,7.5,1,8.2,20.5,13,2.9,3982,14329.5,31150
31389,"Montrabé",51.6,3,9,1,4.6,12.4,12.1,2.9,3982,14329.5,28350
31390,"Montréjeau",63.5,4,9,2,6.55,18.25,11.1,2.2,3373,13106.5,18150
31391,"Montsaunès",79.8,5,10,3,6.1,18.3,11.3,1.8,3884,14003,23740
31393,"Mourvilles-Hautes",48.5,3,7,1,9.5,17.6,11.4,4.6,3605,15422,25770
31394,"Moustajon",73.2,4,9,2,5.45,17.9,9.9,1.6,3285,12622,23970
31395,"Muret",44.85,3,8,1,8.2,18.8,11.5,3.3,3522.5,13496,22450
31396,"Nailloux",54.65,4,8,1,9.9,19.4,11.7,3,3556,13450,24210
31399,"Noé",51.7,4,8,2,8.2,18.8,11.5,3.3,3522.5,13496,23270
31401,"Noueilles",52.1,3,7,2,9.9,19.4,12.1,2.9,3982,14329.5,26290
31402,"Odars",54.65,4,8,1,9.5,19.4,12.1,2.9,3982,14329.5,30110
31403,"Ondes",60.3,4,9.5,2,8.6,19.4,12.5,2.3,3593,13187,24750
31405,"Ore",77.2,5,9,2,0.9,11.4,11.1,2.2,3373,13106.5,23420
31406,"Palaminy",53.5,3,8,1.5,7.35,19.4,11.3,1.9,3208.5,12950,22270
31407,"Paulhac",51.6,3,9,1,4.6,12.4,13,3.6,3378,12998.5,27970
31409,"Péchabou",52.5,4,7,1,9.5,19.4,12.1,2.9,3982,14329.5,29830
31410,"Pechbonnieu",51.6,3,9,1,4.6,12.4,11.3,3.6,3378,12998.5,26860
31411,"Pechbusque",52.5,4,7,1,9.5,19.4,12.1,2.9,3982,14329.5,36660
31412,"Péguilhan",55.3,4,8,2,7.4,18.6,11.8,1.4,3448.5,13400,19620
31413,"Pelleport",51.7,3,8,1,8.4,18.9,11.6,3,3834,14927,23700
31416,"Peyssies",47,3,7,2,7.6,18,11.9,2.5,3664,13465,25270
31417,"Pibrac",49.65,3,8,1,8.4,18.1,11.3,3.6,3378,12998.5,30690
31418,"Pin-Balma",52.5,4,7,1,9.5,19.4,12.1,2.9,3982,14329.5,35860
31419,"Pin-Murelet",55.6,3,8,2,7.95,19.45,11.9,2.5,3664,13465,22770
31420,"Pinsaguel",46.9,3,7,1,8.8,17.9,11.5,3.3,3374,13251,25680
31421,"Pins-Justaret",46.9,3,7,1,8.8,17.9,11.5,3.3,3374,13251,24970
31423,"Plagnole",55.6,3,8,2,7.95,19.45,11.9,2.5,3664,13465,24240
31424,"Plaisance-du-Touch",46.9,3,7,1,8.8,17.9,11.5,3.3,3374,13251,26170
31425,"Plan",74.7,5,10,3,8.7,20.45,11.3,1.9,3208.5,12950,22370
31426,"Pointis-de-Rivière",63.5,4,9,2,6.55,18.25,11.1,2.2,3373,13106.5,21800
31427,"Pointis-Inard",73,6,9,3,6.1,18.3,11.3,1.8,3884,14003,21590
31429,"Pompertuzat",52.1,3,7,2,9.5,19.4,12.1,2.9,3982,14329.5,29690
31430,"Ponlat-Taillebourg",63.5,4,9,2,6.55,18.25,11.1,2.2,3373,13106.5,21540
31433,"Portet-sur-Garonne",46.9,3,7,1,8.8,17.9,11.5,3.3,3374,13251,23030
31435,"Poucharramet",55.6,3,8,2,7.6,18,11.9,2.5,3664,13465,24120
31436,"Pouy-de-Touges",55.6,3,8,2,7.95,19.45,11.3,1.9,3664,13465,21930
31439,"Préserville",54.65,4,8,1,9.9,19.4,12.1,2.9,3982,14329.5,29920
31441,"Prunet",63.1,4,8,2,8.6,18.45,11.7,3,3556,13450,28230
31442,"Puydaniel",51.65,3.5,8,2,8,17.2,11.55,2.8,3522.5,13496,23130
31443,"Puymaurin",59.5,4,6,2,7.4,18.6,11.8,1.4,3448.5,13400,19840
31444,"Puysségur",53.2,4,8,1,8.4,18.9,11.6,3,3834,14927,24560
31445,"Quint-Fonsegrives",52.5,4,7,1,9.5,19.4,12.1,2.9,3982,14329.5,28470
31446,"Ramonville-Saint-Agne",52.5,4,7,1,9.5,19.4,12.1,2.9,3982,14329.5,24600
31448,"Rebigue",52.5,4,7,1,9.5,19.4,12.1,2.9,3982,14329.5,34020
31449,"Régades",73,6,9,3,6.55,18.25,11.1,2.2,3373,13106.5,21320
31450,"Renneville",33.35,3,5.5,1,8.4,18.35,11.7,3,3556,13450,25590
31451,"Revel",65.2,4,8,2,9.5,17.15,11.4,4.6,3605,15422,21290
31453,"Rieumajou",33.35,3,5.5,1,12.8,24,11.4,4.6,3605,15422,25400
31454,"Rieumes",55.6,3,8,2,7.95,19.45,11.9,2.5,3664,13465,22690
31455,"Rieux-Volvestre",47,3,7,2,7.6,18,11.9,2.5,3664,13465,22530
31457,"Roquefort-sur-Garonne",79.8,5,10,3,7.35,19.4,11.3,1.9,3884,14003,21880
31458,"Roques",46.9,3,7,1,8.8,17.9,11.5,3.3,3374,13251,24430
31459,"Roquesérière",44.5,3,7.5,1,8.2,20.5,13,1.9,3455,13217,28900
31460,"Roquettes",46.9,3,7,1,8.8,17.9,11.5,3.3,3374,13251,25830
31461,"Rouède",64.85,4,9,2,6.1,18.3,11.3,1.8,3884,14003,23190
31462,"Rouffiac-Tolosan",51.6,3,9,1,4.6,12.4,12.1,2.9,3982,14329.5,32540
31463,"Roumens",48.5,3,7,1,9.5,17.6,11.4,4.6,3605,15422,24680
31464,"Sabonnères",55.6,3,8,2,7.95,19.45,11.9,2.5,3664,13465,22830
31466,"Saiguède",55.6,3,8,2,7.95,19.45,11.9,2.5,3664,13465,26340
31467,"Saint-Alban",51.2,3,8,1,8.4,18.1,11.3,3.6,3378,12998.5,23010
31468,"Saint-André",59.5,4,6,2,6.1,18.3,11.3,1.8,3884,14003,19320
31469,"Saint-Araille",55.6,3,8,2,7.95,19.45,11.3,1.9,3664,13465,22200
31471,"Saint-Béat-Lez",77.2,5,9,2,0.9,11.4,9.9,1.6,3285,12622,20380
31472,"Saint-Bertrand-de-Comminges",61.25,5,6,3,0.9,11.4,11.1,2.2,3373,13106.5,20080
31473,"Saint-Cézert",51.7,3,8,1,8.4,18.9,11.6,3,3834,14927,22820
31474,"Saint-Christaud",52.4,4,8,1,7.35,19.4,11.3,1.9,3208.5,12950,21810
31475,"Saint-Clar-de-Rivière",48.8,3,8,1,8.2,18.8,11.5,3.3,3522.5,13496,24740
31476,"Saint-Élix-le-Château",47,3,7,2,7.35,19.4,11.3,1.9,3664,13465,23310
31478,"Saint-Félix-Lauragais",48.5,3,7,1,9.5,17.6,11.4,4.6,3605,15422,23040
31480,"Sainte-Foy-d'Aigrefeuille",54.65,4,8,1,9.5,19.4,12.1,2.9,3982,14329.5,30230
31481,"Sainte-Foy-de-Peyrolières",55.6,3,8,2,7.95,19.45,11.9,2.5,3664,13465,25740
31482,"Saint-Frajou",59.5,4,6,2,6.1,18.3,11.3,1.8,3884,14003,23590
31483,"Saint-Gaudens",65.3,4,8,2,6.55,18.25,11.1,2.2,3373,13106.5,19530
31484,"Saint-Geniès-Bellevue",51.6,3,9,1,4.6,12.4,11.3,3.6,3378,12998.5,29330
31485,"Saint-Germier",54.65,4,8,1,8.6,18.45,11.7,3,3556,13450,27100
31486,"Saint-Hilaire",44.85,3,8,1,8.2,18.8,11.5,3.3,3522.5,13496,23990
31487,"Saint-Ignan",65.3,4,8,2,6.55,18.25,11.1,2.2,3373,13106.5,23430
31488,"Saint-Jean",51.6,3,9,1,4.6,12.4,11.3,3.6,3378,12998.5,25940
31489,"Saint-Jean-Lherm",51.6,3,9,1,4.6,12.4,13,2.9,3982,14329.5,30670
31490,"Saint-Jory",51.2,3,8,1,8.6,19.4,12.5,2.3,3593,13187,22560
31491,"Saint-Julia",48.5,3,7,1,9.5,17.6,11.4,4.6,3605,15422,23190
31492,"Saint-Julien-sur-Garonne",47,3,7,2,7.35,19.4,11.3,1.9,3664,13465,24580
31493,"Saint-Lary-Boujean",55.3,4,8,2,7.4,18.6,11.3,1.8,3884,14003,22390
31494,"Saint-Laurent",59.5,4,6,2,7.4,18.6,11.3,1.8,3884,14003,20440
31495,"Saint-Léon",52.1,3,7,2,9.9,19.4,11.7,3,3556,13450,26450
31496,"Sainte-Livrade",57,4,9,2,9.9,17.7,12.2,3.2,3536.5,12600.5,26990
31497,"Saint-Loup-Cammas",51.6,3,9,1,4.6,12.4,11.3,3.6,3378,12998.5,29020
31499,"Saint-Lys",49.9,3,8,2,8.2,18.8,11.5,3.3,3522.5,13496,24340
31500,"Saint-Mamet",73.2,4,9,2,5.45,17.9,9.9,1.6,3285,12622,22060
31501,"Saint-Marcel-Paulel",51.6,3,9,1,4.6,12.4,12.1,2.9,3982,14329.5,29460
31502,"Saint-Marcet",55.3,4,8,2,7.4,18.6,11.3,1.8,3884,14003,21490
31503,"Saint-Martory",79.8,5,10,3,6.1,18.3,11.3,1.8,3884,14003,19580
31504,"Saint-Médard",73,6,9,3,6.1,18.3,11.3,1.8,3884,14003,22700
31505,"Saint-Michel",52.4,4,8,1,8.7,20.45,11.3,1.9,3208.5,12950,22780
31506,"Saint-Orens-de-Gameville",52.5,4,7,1,9.5,19.4,12.1,2.9,3982,14329.5,26190
31507,"Saint-Paul-sur-Save",51.7,3,8,1,8.6,19.4,12.5,2.3,3593,13187,23620
31509,"Saint-Pé-d'Ardet",77.2,5,9,2,0.9,11.4,11.1,2.2,3373,13106.5,23390
31510,"Saint-Pé-Delbosc",55.3,4,8,2,7.4,18.6,11.2,2.2,3522.5,13426.5,18470
31511,"Saint-Pierre",51.6,3,9,1,9.5,19.4,12.1,2.9,3982,14329.5,29730
31512,"Saint-Pierre-de-Lages",54.65,4,8,1,9.5,19.4,12.1,2.9,3982,14329.5,29600
31513,"Saint-Plancard",73,5,9,3,6.55,18.25,11.1,2.2,3373,13106.5,18310
31515,"Saint-Rustice",60.3,4,9.5,2,8.6,19.4,12.5,2.3,3593,13187,25230
31516,"Saint-Sauveur",51.2,3,8,1,8.6,19.4,12.5,2.3,3593,13187,24280
31517,"Saint-Sulpice-sur-Lèze",51.7,4,8,2,8.2,18.8,11.5,3.3,3522.5,13496,22130
31518,"Saint-Thomas",55.6,3,8,2,7.95,19.45,11.9,2.5,3664,13465,26040
31519,"Saint-Vincent",33.35,3,5.5,1,8.6,18.45,11.7,3,3556,13450,26680
31520,"Sajas",55.6,3,8,2,7.95,19.45,11.9,2.5,3664,13465,24420
31521,"Saleich",64.85,4,9,2,7.8,18.8,11.3,1.8,3884,14003,21020
31523,"Salies-du-Salat",79.8,5,10,3,6.1,18.3,11.3,1.8,3884,14003,20110
31524,"Salles-et-Pratviel",73.2,4,9,2,5.45,17.9,9.9,1.6,3285,12622,22330
31525,"Salles-sur-Garonne",47,3,7,2,7.6,18,11.9,2.5,3664,13465,24870
31526,"Salvetat-Saint-Gilles",46.9,3,7,1,8.8,17.9,11.5,3.3,3374,13251,26820
31527,"Salvetat-Lauragais",63.1,4,8,2,8.6,18.45,11.4,4.6,3605,15422,25540
31528,"Saman",55.3,4,8,2,7.4,18.6,11.1,2.2,3373,13106.5,18790
31529,"Samouillan",53.5,3,8,1.5,7.35,19.4,11.3,1.9,3884,14003,17830
31530,"Sana",53.5,3,8,1.5,7.35,19.4,11.3,1.9,3884,14003,23470
31533,"Saubens",46.9,3,7,1,8.8,17.9,11.5,3.3,3374,13251,28000
31534,"Saussens",63.1,4,8,2,8.6,18.45,11.8,1.9,3455,13217,24780
31535,"Sauveterre-de-Comminges",58.5,4,9,2,6.55,18.25,11.1,2.2,3373,13106.5,21830
31536,"Saux-et-Pomarède",65.3,4,8,2,6.55,18.25,11.1,2.2,3373,13106.5,24870
31537,"Savarthès",73,6,9,3,6.1,18.3,11.3,1.8,3884,14003,23480
31538,"Savères",55.6,3,8,2,7.95,19.45,11.9,2.5,3664,13465,23850
31540,"Ségreville",54.65,4,8,1,8.6,18.45,11.7,3,3556,13450,26410
31541,"Seilh",49.65,3,8,1,8.4,18.1,11.3,3.6,3378,12998.5,30250
31542,"Seilhan",63.5,4,9,2,6.55,18.25,11.1,2.2,3373,13106.5,21160
31543,"Sénarens",59.5,4,6,2,7.95,19.45,11.3,1.9,3664,13465,21910
31544,"Sengouagnet",106.45,6,7.5,4,7.8,18.8,11.3,1.8,3884,14003,18360
31545,"Sepx",73,6,9,3,6.1,18.3,11.3,1.8,3884,14003,22490
31546,"Seyre",54.65,4,8,1,8.4,18.35,11.7,3,3556,13450,27110
31547,"Seysses",44.85,3,8,1,8.2,18.8,11.5,3.3,3522.5,13496,23830
31550,"Soueich",73,6,9,3,6.1,18.3,11.3,1.8,3884,14003,23270
31551,"Tarabel",54.65,4,8,1,8.6,18.45,11.7,3,3556,13450,26750
31552,"Terrebasse",53.5,3,8,1.5,7.35,19.4,11.3,1.9,3884,14003,22280
31553,"Thil",51.7,3,8,1,8.4,18.9,11.6,3,3834,14927,26020
31554,"Touille",79.8,5,10,3,8.7,20.45,11.3,1.8,3884,14003,23290
31555,"Toulouse",52.5,4,7,1,8.4,18.1,11.3,3.6,3378,12998.5,22140
31556,"Tourreilles",73,5,9,3,6.55,18.25,11.1,2.2,3373,13106.5,21710
31557,"Tournefeuille",46.9,3,7,1,8.8,17.9,11.5,3.3,3374,13251,29020
31558,"Toutens",54.65,4,8,1,8.6,18.45,11.7,3,3556,13450,24680
31560,"Trébons-sur-la-Grasse",54.65,4,8,1,8.4,18.35,11.7,3,3556,13450,25880
31561,"Union",51.6,3,9,1,4.6,12.4,11.3,3.6,3378,12998.5,27930
31562,"Urau",64.85,4,9,2,7.8,18.8,11.3,1.8,3884,14003,21040
31563,"Vacquiers",54.1,4,9,2,4.6,12.4,12.5,2.3,3593,13187,26760
31564,"Valcabrère",61.25,5,6,3,0.9,11.4,11.1,2.2,3373,13106.5,23420
31565,"Valentine",65.3,4,8,2,6.55,18.25,11.1,2.2,3373,13106.5,20710
31566,"Vallègue",33.35,3,5.5,1,8.4,18.35,11.7,3,3556,13450,26270
31567,"Vallesvilles",54.65,4,8,1,8.6,18.45,12.1,2.9,3982,14329.5,29780
31568,"Varennes",54.65,4,8,1,8.6,18.45,11.7,3,3556,13450,25940
31569,"Vaudreuille",65.2,4,8,2,9.5,17.15,11.4,4.6,3605,15422,24560
31570,"Vaux",48.5,3,7,1,9.5,17.6,11.4,4.6,3605,15422,25800
31571,"Vendine",63.1,4,8,2,8.6,18.45,11.8,1.9,3455,13217,23820
31572,"Venerque",52.1,3,7,2,9.5,19.4,12.1,2.9,3982,14329.5,26420
31573,"Verfeil",44.5,3,7.5,1,8.2,20.5,13,1.9,3455,13217,26750
31574,"Vernet",51.65,3.5,8,2,8.8,17.9,11.5,3.3,3374,13251,25150
31575,"Vieille-Toulouse",52.5,4,7,1,9.5,19.4,12.1,2.9,3982,14329.5,46720
31576,"Vieillevigne",54.65,4,8,1,9.9,19.4,11.7,3,3556,13450,25830
31577,"Vignaux",57,4,9,2,9.9,17.7,12.2,3.2,3536.5,12600.5,25120
31578,"Vigoulet-Auzil",52.5,4,7,1,9.5,19.4,12.1,2.9,3982,14329.5,39860
31579,"Villariès",51.6,3,9,1,4.6,12.4,11.3,3.6,3378,12998.5,27090
31580,"Villate",46.9,3,7,1,8.8,17.9,11.5,3.3,3374,13251,25530
31581,"Villaudric",54.1,4,9,2,4.6,12.4,12.5,2.3,3593,13187,24530
31582,"Villefranche-de-Lauragais",54.65,4,8,1,8.4,18.35,11.7,3,3556,13450,23580
31583,"Villematier",54.1,4,9,2,4.6,12.4,12.5,2.3,3593,13187,24590
31584,"Villemur-sur-Tarn",54.1,4,9,2,4.6,12.4,12.5,2.3,3593,13187,21150
31585,"Villeneuve-de-Rivière",58.5,4,9,2,6.55,18.25,11.1,2.2,3373,13106.5,24650
31586,"Villeneuve-Lécussan",73,5,9,3,6.45,16.15,10.15,2.6,3276,13039,22880
31587,"Villeneuve-lès-Bouloc",51.2,3,8,1,4.6,12.4,12.5,2.3,3593,13187,26490
31588,"Villeneuve-Tolosane",46.9,3,7,1,8.8,17.9,11.5,3.3,3374,13251,24100
31589,"Villenouvelle",54.65,4,8,1,9.9,19.4,11.7,3,3556,13450,24570
31592,"Larra",51.7,3,8,1,8.4,18.9,11.6,3,3834,14927,26190
32001,"Aignan",70.4,5,10,2,5.8,13.7,11.9,2.9,3343,12575,19070
32004,"Arblade-le-Bas",63.8,4,9,2,9.15,19.2,12.2,2.5,3351,13590,19860
32005,"Arblade-le-Haut",70.4,5,10,2,6,15.2,11.6,1.3,3327.5,12960,23530
32007,"Ardizas",57.9,4,10,2,9.9,17.7,12.2,3.2,3536.5,12600.5,25260
32012,"Aubiet",65.5,5,10,2,10.25,21.05,11.7,3.6,3218,12922,22260
32013,"Auch",56.5,3,7,2,7.8,18.9,11.65,2,3218,12922,21800
32014,"Augnax",42,3,6,2,10.25,21.05,11.65,2,3218,12922,24240
32017,"Aurensan",55.2,4.5,9,2,14.35,24.9,11.3,1.3,3329,12938,22710
32018,"Aurimont",46.2,3,8,1,9.4,18.1,11.7,3.6,3536.5,12600.5,22900
32019,"Auterive",56.5,3,7,2,7.8,18.9,11.65,2,3218,12922,23930
32020,"Aux-Aussat",82.55,5.5,9.5,3,8.7,19.7,11.9,2.9,3343,12575,22200
32022,"Avéron-Bergelle",70.4,5,10,2,8.85,19.1,11.6,1.3,3327.5,12960,21400
32024,"Ayguetinte",50,3,9,1,6.6,13.85,12,3.15,3354.5,13062,20700
32025,"Ayzieu",61.15,4,9,2,8.85,19.1,11.6,1.3,3327.5,12960,19320
32027,"Barcelonne-du-Gers",63.8,4,9,2,9.15,19.2,12.2,2.5,3351,13590,21950
32028,"Barcugnan",82.55,5.5,9.5,3,8.7,19.7,11.2,2.2,3522.5,13426.5,20350
32029,"Barran",56.5,3,7,2,8.4,19.2,11.65,2,3218,12922,21490
32030,"Bars",65.5,4,9,2,8.4,19.2,11.9,2.9,3343,12575,26760
32031,"Bascous",54.5,4,9,2,8.4,19.6,12.55,1.3,3327.5,12960,19460
32032,"Bassoues",65.5,4,9,2,9.1,18.1,11.9,2.9,3343,12575,18900
32033,"Bazian",65.5,4,9,2,8.2,17.4,12,3.15,3354.5,13062,21550
32035,"Beaucaire",50,3,9,1,6.6,13.85,12,3.15,3354.5,13062,19540
32036,"Beaumarchés",65.4,4,9,2,5.1,14.9,11.9,2.9,3343,12575,20440
32037,"Beaumont",53.3,3,8,1,8.4,18.3,11.9,2,3426,13345,21300
32039,"Beccas",65.4,4,9,2,8.3,20.5,11.75,1.8,3348,13243,20660
32040,"Bédéchan",56.85,4,8,2,9.4,18.1,11.7,3.6,3536.5,12600.5,24080
32041,"Bellegarde",60.3,4,9,2,7.7,18.5,11.8,1.4,3448.5,13400,20530
32042,"Belloc-Saint-Clamens",62.15,4,10,2,8.4,19.2,11.8,1.4,3448.5,13400,21840
32043,"Belmont",65.5,4,9,2,9.1,18.1,11.9,2.9,3343,12575,21100
32044,"Béraut",50,3,9,1,8.8,18.95,12.2,3,3426,13345,25600
32045,"Berdoues",82.55,5.5,9.5,3,8.4,19.2,11.8,1.4,3448.5,13400,23900
32046,"Bernède",63.8,4,9,2,9.15,19.2,12.2,2.5,3351,13590,23020
32050,"Betplan",82.55,5.5,9.5,3,8.7,19.7,11.75,1.8,3348,13243,20490
32051,"Bézéril",46.2,3,8,1,9.4,18.1,11.7,3.6,3536.5,12600.5,22160
32052,"Bezolles",54.5,4,9,2,6.6,13.85,12,3.15,3354.5,13062,16390
32053,"Bézues-Bajon",57.8,4,9,2,7.7,18.5,11.8,1.4,3448.5,13400,21210
32054,"Biran",65.5,4,9,2,8.2,17.4,12,3.15,3354.5,13062,24000
32057,"Blaziert",50,3,9,1,8.8,18.95,12.2,3,3354.5,13062,27090
32059,"Bonas",50,3,9,1,8.2,17.4,12,3.15,3354.5,13062,20500
32060,"Boucagnères",56.5,3,7,2,7.8,18.9,11.65,2,3218,12922,23750
32061,"Boulaur",56.85,4,8,2,9.4,18.1,11.7,3.6,3218,12922,23180
32062,"Bourrouillan",71.4,5,10,2,8.85,19.1,11.6,1.3,3327.5,12960,24880
32063,"Bouzon-Gellenave",70.4,5,10,2,5.8,13.7,11.6,1.3,3327.5,12960,22810
32064,"Bretagne-d'Armagnac",61.5,4,9,2,8.05,18.9,12.35,2,3426,13345,21780
32065,"Brouilh-Monbert",65.5,4,9,2,8.2,17.4,12,3.15,3354.5,13062,21960
32066,"Brugnens",56.1,4,9,2,9.2,19.6,12,3.1,3522,13471,21730
32068,"Cadeilhan",56.1,4,9,2,9.4,18.6,12,3.1,3522,13471,20100
32070,"Cahuzac-sur-Adour",70.4,5,10,2,5.8,13.7,11.3,1.3,3329,12938,19800
32071,"Caillavet",65.5,4,9,2,8.2,17.4,12,3.15,3354.5,13062,22680
32073,"Campagne-d'Armagnac",61.15,4,9,2,8.85,19.1,11.6,1.3,3327.5,12960,23350
32075,"Cassaigne",53.3,3,8,1,6.6,13.85,11.8,3,3426,13345,22450
32076,"Castelnau-Barbarens",65.5,5,10,2,7.8,18.9,11.65,2,3218,12922,23130
32078,"Castelnau-d'Arbieu",54.2,3,8,1,9.2,19.6,12,3.1,3522,13471,24620
32079,"Castelnau d'Auzan Labarrère",51.5,4,8,1,9.9,19.75,12.35,2,3426,13345,19960
32080,"Castelnau-sur-l'Auvignon",50,3,9,1,8.8,18.95,12.2,3,3414,13316.5,21550
32081,"Castelnavet",65.4,4,9,2,9.1,18.1,11.9,2.9,3343,12575,17420
32082,"Castéra-Lectourois",65.8,4,7,2,9.2,19.6,12.2,2.4,3234,13215,24130
32083,"Castéra-Verduzan",50,3,9,1,6.6,13.85,12,3.15,3354.5,13062,21650
32085,"Castet-Arrouy",53,4,8,2,9.2,19.6,12,3.1,3522,13471,20790
32087,"Castex-d'Armagnac",71.4,5,10,2,9.15,19.2,12.2,2.5,3351,13590,19980
32088,"Castillon-Debats",54.5,4,9,2,9.9,19.2,12.55,2.9,3343,12575,21920
32089,"Castillon-Massas",56.5,3,7,2,7.8,18.9,11.65,2,3218,12922,23340
32091,"Castin",56.5,3,7,2,7.8,18.9,11.65,2,3218,12922,25610
32093,"Caumont",70.4,5,10,2,6,15.2,11.3,1.3,3329,12938,24020
32094,"Caupenne-d'Armagnac",71.4,5,10,2,8.85,19.1,11.6,1.3,3327.5,12960,22120
32095,"Caussens",50,3,9,1,8.8,18.95,12.2,3,3426,13345,22010
32096,"Cazaubon",61.15,4,9,2,7.6,19.2,11.7,2.1,3327.5,12960,19040
32097,"Cazaux-d'Anglès",65.5,4,9,2,9.1,18.1,11.9,2.9,3343,12575,20070
32098,"Cazaux-Savès",53.05,4,8,2,9.9,17.7,12.2,3.2,3536.5,12600.5,26560
32100,"Cazeneuve",61.5,4,9,2,8.05,18.9,12.35,2,3426,13345,22350
32101,"Céran",54.2,3,8,1,9.2,19.6,12,3.1,3522,13471,21180
32102,"Cézan",50,3,9,1,6.6,13.85,12.2,3.15,3354.5,13062,21030
32103,"Chélan",57.8,4,9,2,7,18.3,11.2,2.2,3522.5,13426.5,18440
32104,"Clermont-Pouyguillès",62.15,4,10,2,7.7,18.5,11.8,1.4,3448.5,13400,23090
32106,"Cologne",54,4,9,1,9.9,17.7,12.2,3.2,3536.5,12600.5,22300
32107,"Condom",53.3,3,8,1,9.6,18.8,11.8,3,3426,13345,19750
32108,"Corneillan",63.8,4,9,2,9.15,19.2,12.2,2.5,3351,13590,21700
32109,"Couloumé-Mondebat",65.4,4,9,2,9.1,18.1,11.9,2.9,3343,12575,19560
32110,"Courrensan",54.5,4,9,2,8.45,19.75,12.5,2,3426,13345,21660
32112,"Crastes",42,3,6,2,7.8,18.9,11.65,2,3218,12922,22150
32114,"Cuélas",82.55,5.5,9.5,3,7,18.3,11.2,2.2,3522.5,13426.5,20720
32115,"Dému",54.5,4,9,2,9.9,19.2,12.55,2.9,3343,12575,20690
32116,"Duffort",82.55,5.5,9.5,3,8.7,19.7,11.2,2.2,3522.5,13426.5,22110
32117,"Duran",56.5,3,7,2,7.8,18.9,11.65,2,3218,12922,25780
32118,"Durban",62.15,4,10,2,7.7,18.5,11.8,1.4,3448.5,13400,20340
32119,"Eauze",61.5,4,9,2,8.05,18.9,12.35,1.3,3327.5,12960,19780
32120,"Encausse",57,4,9,2,9.9,17.7,12.2,3.2,3536.5,12600.5,25140
32122,"Esclassan-Labastide",62.15,4,10,2,7.7,18.5,11.8,1.4,3448.5,13400,23450
32123,"Escornebœuf",62.5,4,9,2,10.25,21.05,12.2,3.2,3536.5,12600.5,24550
32124,"Espaon",59.5,4,6,2,9.4,18.1,11.7,3.6,3536.5,12600.5,23420
32125,"Espas",54.5,4,9,2,8.05,18.9,12.35,1.3,3327.5,12960,21950
32126,"Estampes",82.55,5.5,9.5,3,8.7,19.7,11.9,2.9,3343,12575,20910
32127,"Estang",71.4,5,10,2,8.85,19.1,11.6,1.3,3327.5,12960,19810
32128,"Estipouy",65.5,4,9,2,8.4,19.2,11.9,2.9,3343,12575,22280
32129,"Estramiac",56.1,4,9,2,9.4,18.6,12,3.1,3522,13471,19670
32130,"Faget-Abbatial",56.85,4,8,2,7.7,18.5,11.8,1.4,3448.5,13400,19390
32131,"Flamarens",53,4,8,2,9.4,18.6,12,3.1,3522,13471,23260
32132,"Fleurance",54.2,3,8,1,9.2,19.6,11.65,2,3218,12922,20810
32133,"Fourcès",58.5,4,9,2,8.7,19.5,12.05,2,3426,13345,21630
32135,"Fustérouau",70.4,5,10,2,5.8,13.7,11.3,1.3,3329,12938,19170
32136,"Galiax",70.4,5,10,2,5.8,13.7,11.3,1.3,3329,12938,19580
32138,"Garravet",59.5,4,6,2,9.4,18.1,11.7,3.6,3536.5,12600.5,24730
32141,"Gaujan",60.3,4,9,2,7.7,18.5,11.8,1.4,3448.5,13400,18420
32142,"Gavarret-sur-Aulouste",54.2,3,8,1,9.2,19.6,11.65,2,3218,12922,20830
32143,"Gazaupouy",59.6,4,10,2,8.8,18.95,12.2,3,3414,13316.5,22000
32146,"Gimbrède",53,4,8,2,9.4,18.6,12,3.1,3522,13471,20630
32147,"Gimont",62.5,4,9,2,10.25,21.05,11.7,3.6,3536.5,12600.5,22200
32149,"Gondrin",61.5,4,9,2,8.45,19.75,12.5,2,3426,13345,21530
32150,"Goutz",56.1,4,9,2,9.2,19.6,12,3.1,3522,13471,21900
32152,"Haget",65.4,4,9,2,7.35,19.05,11.75,1.8,3348,13243,20860
32153,"Haulies",65.5,5,10,2,7.8,18.9,11.65,2,3218,12922,23680
32154,"Homps",56.1,4,9,2,9.4,18.6,12,3.1,3522,13471,24160
32155,"Houga",63.8,4,9,2,9.15,19.2,12.2,2.5,3351,13590,21350
32156,"Idrac-Respaillès",62.15,4,10,2,8.4,19.2,11.8,1.4,3448.5,13400,22540
32157,"Isle-Arné",65.5,5,10,2,10.25,21.05,11.7,3.6,3218,12922,21980
32158,"Isle-Bouzon",56.1,4,9,2,9.2,19.6,12,3.1,3522,13471,22050
32159,"Isle-de-Noé",65.5,4,9,2,8.4,19.2,11.9,2.9,3343,12575,22150
32162,"Jegun",50,3,9,1,8.2,17.4,12,3.15,3354.5,13062,22490
32163,"Jû-Belloc",70.6,3.5,5.5,2,5.1,14.9,11.3,1.3,3329,12938,19350
32164,"Juillac",65.4,4,9,2,5.1,14.9,11.9,2.9,3343,12575,21000
32165,"Juilles",62.5,4,9,2,10.25,21.05,11.7,3.6,3536.5,12600.5,25180
32166,"Justian",54.5,4,9,2,8.2,17.4,12,3.15,3354.5,13062,21370
32167,"Laas",65.5,4,9,2,8.7,19.7,11.9,2.9,3343,12575,20030
32169,"Labarthe",62.15,4,10,2,7.7,18.5,11.8,1.4,3448.5,13400,24450
32170,"Labarthète",63.8,4,9,2,9.1,18.9,11.3,1.3,3329,12938,23350
32171,"Labastide-Savès",53.05,4,8,2,9.4,18.1,11.7,3.6,3536.5,12600.5,25570
32172,"Labéjan",62.15,4,10,2,8.4,19.2,11.8,1.4,3448.5,13400,23520
32173,"Labrihe",51.25,3,8,1,10.25,21.05,12,3.1,3522,13471,23720
32174,"Ladevèze-Rivière",65.4,4,9,2,5.1,14.9,11.9,2.9,3343,12575,21110
32175,"Ladevèze-Ville",70.6,3.5,5.5,2,5.1,14.9,11.75,1.8,3348,13243,22350
32176,"Lagarde",65.8,4,7,2,8.8,18.95,12.2,2.4,3234,13215,23920
32177,"Lagarde-Hachan",62.15,4,10,2,7.7,18.5,11.8,1.4,3448.5,13400,22260
32180,"Lagraulet-du-Gers",61.5,4,9,2,8.45,19.75,12.5,2,3426,13345,20680
32181,"Laguian-Mazous",82.55,5.5,9.5,3,8.7,19.7,11.9,2.9,3343,12575,20980
32182,"Lahas",46.2,3,8,1,9.4,18.1,11.7,3.6,3536.5,12600.5,23090
32183,"Lahitte",42,3,6,2,7.8,18.9,11.65,2,3218,12922,27190
32184,"Lalanne",54.2,3,8,1,9.2,19.6,11.65,2,3218,12922,22520
32185,"Lalanne-Arqué",68.35,4,9,2,7.4,18.6,11.8,1.4,3448.5,13400,21180
32187,"Lamazère",62.15,4,10,2,8.4,19.2,11.8,1.4,3448.5,13400,20380
32189,"Lannemaignan",66.7,5,10,2,9.15,19.2,12.2,2.5,3351,13590,20090
32190,"Lannepax",54.5,4,9,2,9.9,19.2,12.55,2,3426,13345,20620
32191,"Lanne-Soubiran",71.4,5,10,2,6,15.2,12.2,2.5,3351,13590,19620
32192,"Lannux",55.2,4.5,9,2,14.35,24.9,12.2,2.5,3351,13590,21140
32193,"Larée",61.15,4,9,2,7.6,19.2,11.7,2.1,3327.5,12960,21080
32194,"Larressingle",53.3,3,8,1,9.6,18.8,11.8,3,3426,13345,23200
32196,"Larroque-Saint-Sernin",50,3,9,1,6.6,13.85,12.2,3.15,3354.5,13062,20310
32197,"Larroque-sur-l'Osse",53.3,3,8,1,9.6,18.8,11.8,3,3426,13345,24890
32198,"Lartigue",65.5,5,10,2,7.7,18.5,11.8,1.4,3448.5,13400,21570
32199,"Lasserrade",70.4,5,10,2,5.1,14.9,11.3,1.3,3329,12938,21750
32200,"Lasséran",56.5,3,7,2,7.8,18.9,11.65,2,3218,12922,25440
32201,"Lasseube-Propre",56.5,3,7,2,7.8,18.9,11.65,2,3218,12922,26140
32202,"Laujuzan",71.4,5,10,2,6,15.2,11.6,1.3,3327.5,12960,21960
32203,"Lauraët",61.5,4,9,2,8.4,18.3,11.9,2,3426,13345,21050
32204,"Lavardens",56.5,3,7,2,7.8,18.9,11.65,2,3218,12922,22740
32206,"Laymont",53.05,4,8,2,7.95,19.45,11.7,3.6,3664,13465,21540
32207,"Leboulin",42,3,6,2,7.8,18.9,11.65,2,3218,12922,28650
32208,"Lectoure",55.1,4,9,2,9.2,19.6,12,3.1,3522,13471,21360
32209,"Lelin-Lapujolle",63.8,4,9,2,6,15.2,12.2,2.5,3351,13590,21900
32210,"Lias",55.6,3,8,2,7.95,19.45,12.2,3.2,3536.5,12600.5,27200
32211,"Lias-d'Armagnac",71.4,5,10,2,8.85,19.1,11.6,1.3,3327.5,12960,19790
32212,"Ligardes",59.6,4,10,2,8.8,18.95,12.2,3,3234,13215,22310
32213,"Lombez",53.05,4,8,2,9.4,18.1,11.7,3.6,3536.5,12600.5,22130
32214,"Loubédat",70.4,5,10,2,8.85,19.1,11.6,1.3,3327.5,12960,24050
32215,"Loubersan",62.15,4,10,2,7.7,18.5,11.8,1.4,3448.5,13400,20550
32216,"Lourties-Monbrun",62.15,4,10,2,7.7,18.5,11.8,1.4,3448.5,13400,23450
32219,"Lupiac",65.5,4,9,2,9.1,18.1,11.9,2.9,3343,12575,17860
32220,"Luppé-Violles",63.8,4,9,2,6,15.2,12.2,2.5,3351,13590,21670
32221,"Lussan",65.5,5,10,2,10.25,21.05,11.65,2,3218,12922,23650
32222,"Magnan",71.4,5,10,2,6,15.2,12.2,2.5,3351,13590,23370
32224,"Maignaut-Tauzia",50,3,9,1,6.6,13.85,12.2,3,3354.5,13062,25150
32225,"Malabat",65.4,4,9,2,8.3,20.5,11.75,1.8,3348,13243,20340
32227,"Manciet",70.4,5,10,2,8.05,18.9,12.35,1.3,3327.5,12960,20270
32231,"Marambat",54.5,4,9,2,8.2,17.4,12,3.15,3354.5,13062,22380
32233,"Marciac",65.4,4,9,2,5.1,14.9,11.9,2.9,3343,12575,20390
32235,"Margouët-Meymes",70.4,5,10,2,9.9,19.2,12.55,2.9,3343,12575,20740
32237,"Marsan",42,3,6,2,7.8,18.9,11.65,2,3218,12922,23150
32239,"Marsolan",65.8,4,7,2,8.8,18.95,12.2,3,3234,13215,22210
32241,"Mas-d'Auvignon",50,3,9,1,8.8,18.95,12.2,3,3354.5,13062,22350
32242,"Masseube",62.15,4,10,2,7.7,18.5,11.8,1.4,3448.5,13400,20390
32243,"Mauléon-d'Armagnac",71.4,5,10,2,7.6,19.2,11.7,2.1,3327.5,12960,21950
32244,"Maulichères",70.4,5,10,2,5.8,13.7,11.3,1.3,3329,12938,20950
32245,"Maumusson-Laguian",70.4,5,10,2,9.1,18.9,11.3,1.3,3329,12938,20280
32246,"Maupas",71.4,5,10,2,8.85,19.1,11.6,1.3,3327.5,12960,20320
32247,"Maurens",62.5,4,9,2,9.4,18.1,11.7,3.6,3536.5,12600.5,25840
32248,"Mauroux",56.1,4,9,2,9.4,18.6,12,3.1,3522,13471,20580
32249,"Mauvezin",54,4,9,1,10.25,21.05,12.2,3.2,3536.5,12600.5,21410
32252,"Miélan",82.55,5.5,9.5,3,8.7,19.7,11.9,2.9,3343,12575,19940
32253,"Miradoux",53,4,8,2,9.4,18.6,12,3.1,3522,13471,20870
32254,"Miramont-d'Astarac",62.15,4,10,2,8.4,19.2,11.8,1.4,3448.5,13400,21740
32255,"Miramont-Latour",54.2,3,8,1,9.2,19.6,11.65,2,3218,12922,23430
32256,"Mirande",65.5,4,9,2,8.4,19.2,11.8,1.4,3448.5,13400,20400
32258,"Mirepoix",42,3,6,2,7.8,18.9,11.65,2,3218,12922,23170
32261,"Monblanc",53.05,4,8,2,7.95,19.45,11.7,3.6,3536.5,12600.5,22630
32262,"Monbrun",57,4,9,2,9.9,17.7,12.2,3.2,3536.5,12600.5,26800
32263,"Moncassin",62.15,4,10,2,7.7,18.5,11.8,1.4,3448.5,13400,24580
32264,"Monclar",61.15,4,9,2,7.6,19.2,11.7,2.1,3327.5,12960,21980
32265,"Monclar-sur-Losse",65.5,4,9,2,8.4,19.2,11.9,2.9,3343,12575,23180
32266,"Moncorneil-Grazan",60.3,4,9,2,7.7,18.5,11.8,1.4,3448.5,13400,23600
32267,"Monferran-Plavès",60.3,4,9,2,7.7,18.5,11.8,1.4,3448.5,13400,20900
32269,"Monfort",56.1,4,9,2,9.4,18.6,12,3.1,3522,13471,21900
32271,"Monguilhem",66.7,5,10,2,9.15,19.2,12.2,2.5,3351,13590,21160
32272,"Monlaur-Bernet",57.8,4,9,2,7,18.3,11.2,2.2,3522.5,13426.5,23080
32273,"Monlezun",65.4,4,9,2,9.1,18.1,11.9,2.9,3343,12575,21740
32274,"Monlezun-d'Armagnac",71.4,5,10,2,6,15.2,12.2,2.5,3351,13590,20730
32277,"Montamat",46.2,3,8,1,9.4,18.1,11.7,3.6,3536.5,12600.5,22460
32278,"Montaut",82.55,5.5,9.5,3,8.7,19.7,11.2,2.2,3522.5,13426.5,21030
32279,"Montaut-les-Créneaux",42,3,6,2,7.8,18.9,11.65,2,3218,12922,25080
32281,"Mont-de-Marrast",82.55,5.5,9.5,3,8.7,19.7,11.2,2.2,3522.5,13426.5,19640
32282,"Montégut",42,3,6,2,7.8,18.9,11.65,2,3218,12922,25130
32283,"Montégut-Arros",82.55,5.5,9.5,3,8.7,19.7,11.75,1.8,3348,13243,21610
32285,"Montesquiou",65.5,4,9,2,8.4,19.2,11.9,2.9,3343,12575,20230
32286,"Montestruc-sur-Gers",54.2,3,8,1,9.2,19.6,11.65,2,3218,12922,21710
32288,"Montiron",62.5,4,9,2,10.25,21.05,11.7,3.6,3536.5,12600.5,25380
32289,"Montpezat",53.05,4,8,2,7.95,19.45,11.7,3.6,3664,13465,22010
32290,"Montréal",51.5,4,8,1,8.7,19.5,12.05,2,3426,13345,21570
32291,"Mormès",71.4,5,10,2,9.15,19.2,12.2,2.5,3351,13590,21930
32292,"Mouchan",61.5,4,9,2,8.4,18.3,11.9,2,3426,13345,21830
32295,"Nizas",53.05,4,8,2,9.4,18.1,11.7,3.6,3536.5,12600.5,22870
32296,"Nogaro",70.4,5,10,2,8.85,19.1,11.6,1.3,3327.5,12960,19090
32297,"Noilhan",53.05,4,8,2,9.4,18.1,11.7,3.6,3536.5,12600.5,24910
32298,"Nougaroulet",42,3,6,2,7.8,18.9,11.65,2,3218,12922,23950
32300,"Orbessan",56.5,3,7,2,7.7,18.5,11.8,1.4,3448.5,13400,24150
32301,"Ordan-Larroque",56.5,3,7,2,7.8,18.9,11.65,2,3218,12922,25700
32302,"Ornézan",62.15,4,10,2,7.7,18.5,11.8,1.4,3448.5,13400,23810
32304,"Panassac",57.8,4,9,2,7.7,18.5,11.8,1.4,3448.5,13400,21870
32305,"Panjas",71.4,5,10,2,8.85,19.1,11.6,1.3,3327.5,12960,22200
32306,"Pauilhac",65.8,4,7,2,9.2,19.6,12.2,2,3218,12922,22550
32307,"Pavie",56.5,3,7,2,7.8,18.9,11.65,2,3218,12922,24250
32310,"Perchède",71.4,5,10,2,6,15.2,12.2,2.5,3351,13590,20050
32311,"Pergain-Taillac",56.15,4,9,2,7.9,18.3,11.6,2.4,3234,13215,22000
32312,"Pessan",42,3,6,2,7.8,18.9,11.65,2,3218,12922,23820
32313,"Pessoulens",57.1,4,8,2,9.4,18.6,12,3.1,3522,13471,24300
32315,"Peyrusse-Grande",65.5,4,9,2,9.1,18.1,11.9,2.9,3343,12575,21620
32316,"Peyrusse-Massas",56.5,3,7,2,7.8,18.9,11.65,2,3218,12922,26270
32318,"Pis",54.2,3,8,1,9.2,19.6,11.65,2,3218,12922,21470
32319,"Plaisance",70.6,3.5,5.5,2,5.1,14.9,11.3,1.3,3329,12938,20700
32320,"Plieux",53,4,8,2,9.4,18.6,12,3.1,3522,13471,21700
32321,"Polastron",46.2,3,8,1,9.4,18.1,11.7,3.6,3536.5,12600.5,23150
32322,"Pompiac",53.05,4,8,2,9.9,17.7,12.2,3.2,3536.5,12600.5,25140
32323,"Ponsampère",82.55,5.5,9.5,3,8.7,19.7,11.8,1.4,3448.5,13400,21790
32325,"Pouydraguin",70.4,5,10,2,5.8,13.7,11.3,1.3,3329,12938,22390
32326,"Pouylebon",65.5,4,9,2,8.4,19.2,11.9,2.9,3343,12575,19690
32328,"Pouy-Roquelaure",51.2,4,8,2,8.8,18.95,12.2,2.4,3234,13215,22320
32329,"Préchac",54.2,3,8,1,7.8,18.9,11.65,2,3218,12922,20730
32330,"Préchac-sur-Adour",70.6,3.5,5.5,2,7.55,19.9,11.3,1.3,3329,12938,19660
32331,"Preignan",42,3,6,2,7.8,18.9,11.65,2,3218,12922,24050
32332,"Préneron",54.5,4,9,2,8.2,17.4,12,3.15,3354.5,13062,26660
32333,"Projan",55.2,4.5,9,2,14.35,24.9,11.3,1.3,3329,12938,21050
32334,"Pujaudran",49.9,3,8,2,8.2,18.8,11.5,3.3,3522.5,13496,28340
32335,"Puycasquier",42,3,6,2,9.2,19.6,11.65,2,3218,12922,20010
32336,"Puylausic",53.05,4,8,2,9.4,18.1,11.7,3.6,3536.5,12600.5,23780
32338,"Ramouzens",54.5,4,9,2,8.4,19.6,12.55,2,3426,13345,22400
32340,"Réans",61.15,4,9,2,9.9,19.75,11.6,1.3,3327.5,12960,20980
32341,"Réjaumont",54.2,3,8,1,7.8,18.9,11.65,2,3218,12922,24100
32343,"Riguepeu",65.5,4,9,2,8.2,17.4,12,3.15,3354.5,13062,22900
32344,"Riscle",70.4,5,10,2,5.8,13.7,11.3,1.3,3329,12938,20330
32345,"Romieu",50,3,9,1,8.8,18.95,12.2,3,3234,13215,22670
32346,"Roquebrune",65.5,4,9,2,8.2,17.4,12,3.15,3354.5,13062,22470
32347,"Roquefort",56.5,3,7,2,7.8,18.9,11.65,2,3218,12922,23390
32348,"Roquelaure",56.5,3,7,2,7.8,18.9,11.65,2,3218,12922,24070
32352,"Rozès",54.5,4,9,2,8.2,17.4,12,3.15,3354.5,13062,18670
32353,"Sabaillan",59.5,4,6,2,9.4,18.1,11.7,3.6,3448.5,13400,18110
32354,"Sabazan",70.4,5,10,2,5.8,13.7,11.6,1.3,3327.5,12960,21280
32356,"Saint-André",46.2,3,8,1,9.4,18.1,11.7,3.6,3536.5,12600.5,23580
32357,"Sainte-Anne",51.25,3,8,1,9.9,17.7,12.2,3.2,3536.5,12600.5,24260
32358,"Saint-Antoine",42.2,3,6,1,9.4,18.6,12,3.1,3522,13471,23060
32359,"Saint-Antonin",54,4,9,1,10.25,21.05,11.7,3.6,3522,13471,24430
32360,"Saint-Arailles",65.5,4,9,2,8.4,19.2,11.9,2.9,3343,12575,21410
32361,"Saint-Arroman",62.15,4,10,2,7.7,18.5,11.8,1.4,3448.5,13400,21850
32362,"Saint-Aunix-Lengros",70.6,3.5,5.5,2,5.1,14.9,11.3,1.3,3329,12938,20480
32365,"Saint-Blancard",68.35,4,9,2,7.4,18.6,11.8,1.4,3448.5,13400,19810
32368,"Sainte-Christie",42,3,6,2,7.8,18.9,11.65,2,3218,12922,23830
32369,"Sainte-Christie-d'Armagnac",70.4,5,10,2,8.85,19.1,11.6,1.3,3327.5,12960,23200
32370,"Saint-Clar",56.1,4,9,2,9.4,18.6,12,3.1,3522,13471,21220
32372,"Saint-Cricq",57.9,4,10,2,9.9,17.7,12.2,3.2,3536.5,12600.5,24770
32373,"Sainte-Dode",82.55,5.5,9.5,3,8.7,19.7,11.2,2.2,3522.5,13426.5,22250
32374,"Saint-Élix-d'Astarac",56.85,4,8,2,9.4,18.1,11.7,3.6,3448.5,13400,22340
32376,"Sainte-Gemme",56.1,4,9,2,9.4,18.6,12,3.1,3522,13471,20200
32377,"Saint-Georges",54,4,9,1,10.25,21.05,12.2,3.2,3536.5,12600.5,25500
32378,"Saint-Germé",63.8,4,9,2,9.15,19.2,12.2,2.5,3351,13590,20500
32379,"Saint-Germier",54,4,9,1,9.9,17.7,12.2,3.2,3536.5,12600.5,27170
32380,"Saint-Griède",70.4,5,10,2,6,15.2,12.2,2.5,3351,13590,20960
32381,"Saint-Jean-le-Comtal",56.5,3,7,2,8.4,19.2,11.65,2,3218,12922,24560
32382,"Saint-Jean-Poutge",54.5,4,9,2,8.2,17.4,12,3.15,3354.5,13062,21570
32383,"Saint-Justin",65.4,4,9,2,8.3,20.5,11.75,1.8,3348,13243,19610
32384,"Saint-Lary",56.5,3,7,2,7.8,18.9,11.65,2,3218,12922,24190
32385,"Saint-Léonard",56.1,4,9,2,9.4,18.6,12,3.1,3522,13471,20880
32386,"Saint-Lizier-du-Planté",53.05,4,8,2,9.4,18.1,11.7,3.6,3536.5,12600.5,22320
32388,"Sainte-Marie",62.5,4,9,2,10.25,21.05,11.7,3.6,3536.5,12600.5,24410
32389,"Saint-Martin",65.5,4,9,2,8.4,19.2,11.9,2.9,3343,12575,24630
32390,"Saint-Martin-d'Armagnac",70.4,5,10,2,5.8,13.7,11.6,1.3,3327.5,12960,23410
32391,"Saint-Martin-de-Goyne",65.8,4,7,2,8.8,18.95,12.2,2.4,3234,13215,22800
32393,"Saint-Maur",65.5,4,9,2,8.4,19.2,11.9,2.9,3343,12575,20510
32394,"Saint-Médard",62.15,4,10,2,8.4,19.2,11.8,1.4,3448.5,13400,21850
32395,"Sainte-Mère",53,4,8,2,9.2,19.6,12,3.1,3522,13471,20140
32396,"Saint-Mézard",56.15,4,9,2,7.9,18.3,11.6,2.4,3234,13215,20870
32397,"Saint-Michel",82.55,5.5,9.5,3,8.7,19.7,11.8,1.4,3448.5,13400,20940
32398,"Saint-Mont",70.4,5,10,2,9.1,18.9,11.3,1.3,3329,12938,21560
32400,"Saint-Orens-Pouy-Petit",50,3,9,1,8.8,18.95,12.2,3,3354.5,13062,19620
32404,"Saint-Puy",50,3,9,1,8.8,18.95,12.2,3.15,3354.5,13062,21220
32405,"Sainte-Radegonde",54.2,3,8,1,9.2,19.6,11.65,2,3218,12922,22940
32406,"Saint-Sauvy",62.5,4,9,2,10.25,21.05,11.7,3.6,3536.5,12600.5,23140
32407,"Saint-Soulan",46.2,3,8,1,9.4,18.1,11.7,3.6,3536.5,12600.5,21130
32408,"Salles-d'Armagnac",71.4,5,10,2,8.85,19.1,11.6,1.3,3327.5,12960,22530
32410,"Samatan",53.05,4,8,2,9.4,18.1,11.7,3.6,3536.5,12600.5,23380
32412,"Saramon",56.85,4,8,2,9.4,18.1,11.7,3.6,3448.5,13400,21510
32414,"Sarragachies",70.4,5,10,2,5.8,13.7,11.3,1.3,3329,12938,21820
32416,"Sarrant",51.25,3,8,1,10.25,21.05,12.2,3.2,3536.5,12600.5,23850
32417,"Sauvetat",65.8,4,7,2,8.8,18.95,12.2,2,3218,12922,20150
32418,"Sauveterre",59.5,4,6,2,9.4,18.1,11.7,3.6,3536.5,12600.5,23840
32421,"Savignac-Mona",53.05,4,8,2,7.95,19.45,11.7,3.6,3536.5,12600.5,22520
32424,"Ségos",77,5,10,3,14.35,24.9,12.2,2.5,3351,13590,22280
32425,"Ségoufielle",57,4,9,2,9.9,17.7,12.2,3.2,3536.5,12600.5,25050
32426,"Seissan",62.15,4,10,2,7.7,18.5,11.8,1.4,3448.5,13400,21850
32429,"Sempesserre",55.1,4,9,2,9.2,19.6,11.6,2.4,3234,13215,22480
32432,"Seysses-Savès",55.6,3,8,2,7.95,19.45,12.2,3.2,3536.5,12600.5,24240
32433,"Simorre",56.85,4,8,2,7.7,18.5,11.8,1.4,3448.5,13400,20620
32434,"Sion",70.4,5,10,2,5.8,13.7,11.6,1.3,3327.5,12960,20500
32435,"Sirac",54,4,9,1,9.9,17.7,12.2,3.2,3536.5,12600.5,24770
32436,"Solomiac",51.25,3,8,1,9.4,18.6,12,3.1,3522,13471,20940
32437,"Sorbets",70.4,5,10,2,5.8,13.7,11.6,1.3,3327.5,12960,21330
32438,"Tachoires",60.3,4,9,2,7.7,18.5,11.8,1.4,3448.5,13400,19950
32439,"Tarsac",70.4,5,10,2,5.8,13.7,11.3,1.3,3329,12938,20220
32440,"Tasque",70.4,5,10,2,5.8,13.7,11.3,1.3,3329,12938,19350
32442,"Terraube",65.8,4,7,2,8.8,18.95,12.2,2,3218,12922,21830
32443,"Termes-d'Armagnac",70.4,5,10,2,5.8,13.7,11.3,1.3,3329,12938,18970
32444,"Thoux",57.9,4,10,2,9.9,17.7,12.2,3.2,3536.5,12600.5,25450
32445,"Tieste-Uragnoux",70.6,3.5,5.5,2,5.1,14.9,11.3,1.3,3329,12938,18210
32446,"Tillac",65.5,4,9,2,8.7,19.7,11.9,2.9,3343,12575,20330
32448,"Touget",54,4,9,1,10.25,21.05,12.2,3.2,3536.5,12600.5,24030
32449,"Toujouse",71.4,5,10,2,9.15,19.2,12.2,2.5,3351,13590,19280
32450,"Tourdun",65.4,4,9,2,9.1,18.1,11.9,2.9,3343,12575,22600
32451,"Tournan",59.5,4,6,2,9.4,18.1,11.7,3.6,3448.5,13400,18260
32452,"Tournecoupe",56.1,4,9,2,9.4,18.6,12,3.1,3522,13471,21490
32453,"Tourrenquets",42,3,6,2,7.8,18.9,11.65,2,3218,12922,23960
32455,"Troncens",65.4,4,9,2,8.7,19.7,11.9,2.9,3343,12575,18460
32457,"Urdens",54.2,3,8,1,9.2,19.6,12,3.1,3522,13471,23770
32458,"Urgosse",70.4,5,10,2,5.8,13.7,11.6,1.3,3327.5,12960,22460
32459,"Valence-sur-Baïse",50,3,9,1,6.6,13.85,12,3.15,3354.5,13062,20500
32460,"Vergoignan",63.8,4,9,2,9.15,19.2,12.2,2.5,3351,13590,22320
32462,"Vic-Fezensac",54.5,4,9,2,8.2,17.4,12,3.15,3354.5,13062,20620
32463,"Viella",70.4,5,10,2,9.1,18.9,11.3,1.3,3329,12938,21850
32464,"Villecomtal-sur-Arros",82.55,5.5,9.5,3,8.7,19.7,11.75,1.8,3348,13243,20340
32465,"Villefranche-d'Astarac",60.3,4,9,2,7.7,18.5,11.8,1.4,3448.5,13400,22970
32467,"Saint-Caprais",65.5,5,10,2,10.25,21.05,11.7,3.6,3536.5,12600.5,24090
34001,"Abeilhan",33.85,2,4,1,8.9,19.7,11,2.7,4299,14539.5,21720
34002,"Adissan",38.1,2,4,1,9.9,20.1,11.4,3,4120,14757,21060
34003,"Agde",30.4,2,4,1,11.6,19.55,12.9,3.2,4530.5,15158.5,20410
34004,"Agel",38.2,2,5,1,9.9,19.9,11,3.9,3965,14346.5,18830
34006,"Aigne",37,2,5,1,9.65,19.5,12.7,3.9,3965,14346.5,18690
34007,"Aigues-Vives",37,2,5,1,9.9,19.9,11,3.9,3965,14346.5,19390
34008,"Aires",57.95,3,6,2,8.2,18.8,10.5,3.2,3138,12100,20570
34009,"Alignan-du-Vent",33.85,2,4,1,8.9,19.7,11,2.7,4299,14539.5,22030
34013,"Aspiran",48.7,2,3,1,9.7,20.6,11.4,3.55,4120,14757,20750
34014,"Assas",73.4,3,7,2,8,19.8,10.9,2.2,4380,14835.5,31670
34016,"Aumelas",32.9,2,4,1,9.1,19.3,10.95,2.2,4104,14498,24750
34017,"Aumes",39.45,2,4,1,9.9,20.1,11.4,3,4120,14757,23840
34018,"Autignac",37.3,2,5,1,9.95,19.6,11.1,3.1,4299,14539.5,21750
34020,"Azillanet",38.1,2,6,1,9.65,19.5,12.7,3.9,3965,14346.5,19560
34021,"Babeau-Bouldoux",39.6,2,5,1,9.9,19.9,11,3.9,3138,12100,19860
34022,"Baillargues",44,2,4,1,9.7,19.1,11.5,3.9,4380,14835.5,25640
34023,"Balaruc-les-Bains",32,2,4,1,11.6,17.9,11.9,4.8,4104,14498,23210
34024,"Balaruc-le-Vieux",42.7,2,4,1,11.6,17.9,11.9,4.8,4104,14498,24440
34025,"Bassan",48.05,2.5,3,2,8.9,19.7,11,2.7,4299,14539.5,22540
34026,"Beaufort",38.1,2,6,1,9.65,19.5,12.7,3.9,3965,14346.5,20860
34027,"Beaulieu",39,2,3,1,8.3,19.9,11.1,2.5,4380,14835.5,27020
34028,"Bédarieux",54.3,3,6,1,8.7,17.8,10.5,3.2,4299,14539.5,18140
34029,"Bélarga",38.1,2,4,1,9.7,20.6,11.4,3.55,4120,14757,22200
34030,"Berlou",39.6,2,5,1,10.4,18.9,11,3.9,3138,12100,19600
34031,"Bessan",30.8,2,4,1,10.3,19.9,11.8,4,4120,14757,20810
34032,"Béziers",48.05,2.5,3,2,9.5,19.5,11.8,4,4299,14539.5,16830
34033,"Boisseron",39,2,3,1,8.3,19.9,11.1,2.5,4205,15149,25430
34035,"Boissière",43.5,3,5,1,9.1,19.3,10.95,2.2,4690,15794,26690
34037,"Boujan-sur-Libron",48.05,2.5,3,2,10.3,19.9,11.8,4,4299,14539.5,22710
34039,"Bouzigues",32,2,4,1,11.6,17.9,11.9,4.8,4104,14498,25250
34041,"Brignac",38.65,2,5,1,9.7,20.6,11.4,3.55,4120,14757,20840
34043,"Buzignargues",55.9,2,5,2,8.3,19.9,11.1,2.5,4380,14835.5,24990
34044,"Cabrerolles",41.6,3,5,1.5,8.2,18.8,11.1,3.1,4299,14539.5,21530
34045,"Cabrières",51.7,3,5,2,10.35,20.85,11,2.7,4299,14539.5,20460
34047,"Campagnan",38.1,2,4,1,9.7,20.6,11.4,3.55,4120,14757,22000
34048,"Campagne",55.9,2,5,2,8.3,19.9,11.1,2.5,4205,15149,22300
34050,"Candillargues",44,2,4,1,11,18.3,11.9,2.5,4205,15149,25040
34051,"Canet",38.65,2,5,1,9.7,20.6,11.4,3.55,4120,14757,22940
34053,"Carlencas-et-Levas",55,3,6,2,8.7,17.8,10.5,3.2,4299,14539.5,19960
34054,"Cassagnoles",71.1,4,8,2,7.6,16.5,10.9,4.2,3965,14346.5,13740
34055,"Castanet-le-Haut",85.4,4,9,2,8.3,17.4,9.6,5.3,3138,12100,18220
34056,"Castelnau-de-Guers",30.8,2,4,1,9.9,20.1,11.4,3,4120,14757,21920
34057,"Castelnau-le-Lez",44,2,5,1,9.9,19,11.5,3.9,4380,14835.5,25160
34058,"Castries",73.4,3,7,2,9.7,19.1,11.5,3.9,4380,14835.5,26010
34059,"Caunette",37,2,5,1,9.9,19.9,11,3.9,3965,14346.5,18590
34061,"Causses-et-Veyran",37.3,2,5,1,9.95,19.6,11.1,3.1,4299,14539.5,19850
34062,"Caussiniojouls",41.6,3,5,1.5,8.2,18.8,11.1,3.1,4299,14539.5,20890
34063,"Caux",34,2,5,1,8.9,19.7,11,2.7,4299,14539.5,21810
34066,"Cazevieille",60.65,3,5,2,7.4,18.5,10.8,2.4,4690,15794,33500
34068,"Cazouls-d'Hérault",39.45,2,4,1,9.9,20.1,11.4,3,4120,14757,21250
34069,"Cazouls-lès-Béziers",33.7,2,4,1,9.5,19.5,11.1,3.1,4299,14539.5,20990
34073,"Cers",27.95,2,4,1,10.3,19.9,11.8,4,4120,14757,21550
34075,"Cesseras",28.4,2,4,1,10.4,19.5,12.7,4.2,3965,14346.5,18700
34076,"Ceyras",36,2,4,2,9.7,20.6,11.4,3.55,4299,14539.5,22930
34077,"Clapiers",73.4,3,7,2,9.9,19,10.9,2.2,4380,14835.5,28000
34079,"Clermont-l'Hérault",47.3,3,5,2,10.1,18.9,10.7,4.7,4299,14539.5,19320
34080,"Colombières-sur-Orb",52.5,3,3,2,8.3,17.4,10.5,3.2,3138,12100,21320
34081,"Colombiers",28.95,2,4,1,9.5,19.5,11.1,3.1,4299,14539.5,22970
34082,"Combaillaux",46.45,3,6,2,9.9,19,10.9,2.2,4690,15794,29020
34083,"Combes",52.5,3,3,2,8.2,18.8,10.5,3.2,3138,12100,21900
34084,"Corneilhan",43,2,4,1,9.5,19.5,11.1,3.1,4299,14539.5,22500
34085,"Coulobres",33.85,2,4,1,8.9,19.7,11,2.7,4299,14539.5,22510
34086,"Courniou",87.8,5,9,3,7,15.3,10.9,4.2,3138,12100,19670
34087,"Cournonsec",42.7,2,4,1,9.1,19.3,11.9,4.8,4104,14498,24160
34088,"Cournonterral",42.7,2,4,1,9.1,19.3,12,2.6,4690,15794,22850
34090,"Crès",73.4,3,7,2,9.7,19.1,11.5,3.9,4380,14835.5,25900
34092,"Cruzy",32.15,2,5,1,10.2,20.5,11,3.9,3965,14346.5,19610
34094,"Espondeilhan",33.85,2,4,1,8.9,19.7,11,2.7,4299,14539.5,21880
34095,"Fabrègues",42.7,2,4,1,10.95,19.9,12,2.6,4690,15794,24410
34096,"Faugères",44.4,3,5,1.5,8.2,18.8,10.5,3.2,4299,14539.5,21290
34097,"Félines-Minervois",82.9,5,10,2,10.4,19.5,11.2,4.5,3965,14346.5,18210
34098,"Ferrals-les-Montagnes",71.1,4,8,2,7.6,16.5,10.9,4.2,3965,14346.5,17330
34101,"Florensac",30.8,2,4,1,9.9,20.1,11.4,3,4120,14757,20750
34102,"Fontanès",62.5,3,5,2,8,19.8,10.9,2.2,4380,14835.5,27330
34103,"Fontès",48.7,2,3,1,8.9,19.7,11,2.7,4299,14539.5,21500
34104,"Fos",55,3,6,2,10.35,20.85,11,2.7,4299,14539.5,18380
34105,"Fouzilhon",44.4,3,5,1.5,10.35,20.85,11,2.7,4299,14539.5,23050
34107,"Fraisse-sur-Agout",110.3,5,10,3,5.9,12.7,9.3,5,3138,12100,18790
34108,"Frontignan",32,2,4,1,11.6,17.9,11.9,4.8,4104,14498,21830
34109,"Gabian",40.25,2,5,1,10.35,20.85,11,2.7,4299,14539.5,19550
34110,"Galargues",55.9,2,5,2,8.3,19.9,11.1,2.5,4380,14835.5,23120
34112,"Garrigues",55.9,2,5,2,8.3,19.9,11.1,2.5,4380,14835.5,24840
34113,"Gigean",42.7,2,4,1,11.6,17.9,11.9,4.8,4104,14498,22830
34114,"Gignac",32.9,2,4,1,8.2,19.7,10.95,2.2,4120,14757,21810
34116,"Grabels",46.45,3,6,2,9.9,19,10.9,2.2,4690,15794,24100
34117,"Graissessac",76.95,4,7.5,2,8.7,17.8,10.5,3.2,3138,12100,17600
34118,"Guzargues",73.4,3,7,2,8,19.8,10.9,2.2,4380,14835.5,31110
34119,"Hérépian",54.3,3,6,1,8.2,18.8,10.5,3.2,4299,14539.5,20040
34120,"Jacou",73.4,3,7,2,9.9,19,10.9,2.2,4380,14835.5,26300
34122,"Jonquières",36,2,4,2,9.7,20.6,11.4,3.55,4299,14539.5,22180
34123,"Juvignac",46.45,3,6,2,9.9,19,12,2.6,4690,15794,23130
34124,"Lacoste",47.3,3,5,2,9.7,20.6,11.4,3.55,4299,14539.5,24910
34126,"Lamalou-les-Bains",57.95,3,6,2,8.2,18.8,10.5,3.2,3138,12100,21110
34127,"Lansargues",44,2,4,1,11,18.3,11.9,2.5,4205,15149,24270
34129,"Lattes",39.4,2,5,1,10.95,19.9,12,2.6,4690,15794,26460
34130,"Laurens",44.4,3,5,1.5,9.95,19.6,11.1,3.1,4299,14539.5,21000
34134,"Lavérune",44,2,5,1,9.9,19,12,2.6,4690,15794,25360
34135,"Lespignan",23,2,5,1,9.5,19.5,11.8,4,4299,14539.5,21340
34136,"Lézignan-la-Cèbe",39.45,2,4,1,9.9,20.1,11.4,3,4120,14757,20790
34137,"Liausson",51.7,3,5,2,10.3,19.6,10.7,4.7,4299,14539.5,19820
34138,"Lieuran-Cabrières",47.3,3,5,2,10.35,20.85,11.4,3.55,4299,14539.5,24640
34139,"Lieuran-lès-Béziers",43,2,4,1,9.95,19.6,11.1,3.1,4299,14539.5,23340
34140,"Lignan-sur-Orb",43,2,4,1,9.5,19.5,11.1,3.1,4299,14539.5,23050
34141,"Livinière",36.4,2,6,1,10.4,19.5,12.7,4.2,3965,14346.5,18790
34143,"Loupian",32,2,4,1,11.6,17.9,11.9,4.8,4104,14498,21680
34145,"Lunel",51.85,2,4,2,9.7,20.4,12.3,2.5,4205,15149,19600
34146,"Lunel-Viel",44,2,4,1,9.7,20.4,12.3,2.5,4205,15149,21680
34147,"Magalas",34.8,2,4,1,9.95,19.6,11.1,3.1,4299,14539.5,21650
34148,"Maraussan",43,2,4,1,9.5,19.5,11.1,3.1,4299,14539.5,21930
34149,"Margon",34,2,5,1,8.9,19.7,11,2.7,4299,14539.5,20560
34150,"Marseillan",27,2,4,1,11.6,19.55,12.9,3.2,4530.5,15158.5,20880
34151,"Marsillargues",44,2,4,1,9.1,20.3,11.9,2.5,4205,15149,21260
34153,"Matelles",60.65,3,5,2,8,19.8,10.9,2.2,4690,15794,28150
34154,"Mauguio",44,2,4,1,9.7,19.1,11.5,3.9,4380,14835.5,25140
34155,"Maureilhan",28.5,2,2,1,9.5,19.5,11.1,3.1,4299,14539.5,22070
34157,"Mèze",27,2,4,1,11.6,19.55,12.9,3.2,4530.5,15158.5,21470
34158,"Minerve",53.2,3,7,2,10.4,19.5,12.7,4.2,3965,14346.5,15300
34159,"Mireval",42.7,2,4,1,10.95,19.9,12,2.6,4690,15794,24520
34160,"Mons",52.5,3,3,2,10.4,18.9,9.6,5.3,3138,12100,20150
34161,"Montady",28.95,2,4,1,9.5,19.5,11.1,3.1,4299,14539.5,22230
34162,"Montagnac",39.45,2,4,1,9.9,20.1,11.4,3,4120,14757,18320
34163,"Montarnaud",46.45,3,6,2,9.1,19.3,10.8,2.4,4690,15794,24730
34164,"Montaud",73.4,3,7,2,8,19.8,10.9,2.2,4380,14835.5,26620
34165,"Montbazin",42.7,2,4,1,9.1,19.3,11.9,4.8,4104,14498,23620
34166,"Montblanc",27.95,2,4,1,10.3,19.9,11.8,4,4120,14757,22230
34169,"Montferrier-sur-Lez",73.4,3,7,2,8,19.8,10.9,2.2,4690,15794,33630
34170,"Montouliers",32.15,2,5,1,10.2,20.5,11,3.9,3965,14346.5,21300
34172,"Montpellier",44,2,5,1,9.9,19,12,2.6,4690,15794,19670
34175,"Mourèze",51.7,3,5,2,10.3,19.6,10.7,4.7,4299,14539.5,21550
34176,"Mudaison",44,2,4,1,11,18.3,11.5,3.9,4380,14835.5,24820
34177,"Murles",46.45,3,6,2,7.4,18.5,10.8,2.4,4690,15794,28130
34178,"Murviel-lès-Béziers",37.3,2,5,1,9.95,19.6,11.1,3.1,4299,14539.5,21120
34179,"Murviel-lès-Montpellier",46.45,3,6,2,9.1,19.3,12,2.6,4690,15794,25830
34180,"Nébian",47.3,3,5,2,9.7,20.6,11.4,3.55,4299,14539.5,21400
34181,"Neffiès",40.25,2,5,1,10.35,20.85,11,2.7,4299,14539.5,20930
34182,"Nézignan-l'Évêque",33.2,2,5,1,9.9,20.1,11.4,3,4120,14757,23420
34184,"Nizas",39.45,2,4,1,9.9,20.1,11.4,3,4120,14757,21800
34186,"Octon",52.7,3,5,2,10.3,19.6,10.7,4.7,4299,14539.5,21420
34187,"Olargues",98.2,5,10,3,10.4,18.9,9.3,5,3138,12100,18510
34189,"Olonzac",28.4,2,4,1,9.65,19.5,12.7,5.6,3965,14346.5,18780
34190,"Oupia",38.1,2,6,1,9.65,19.5,12.7,5.6,3965,14346.5,17250
34191,"Pailhès",43,2,4,1,9.95,19.6,11.1,3.1,4299,14539.5,24330
34192,"Palavas-les-Flots",39.4,2,5,1,9.7,19.1,11.5,3.9,4380,14835.5,22190
34193,"Pardailhan",40,2.5,6,1,9.9,19.9,11,3.9,3138,12100,18680
34194,"Paulhan",38.1,2,4,1,9.9,20.1,11.4,3,4120,14757,20570
34197,"Péret",48.7,2,3,1,10.35,20.85,11,2.7,4299,14539.5,21000
34198,"Pérols",39.4,2,5,1,9.7,19.1,11.5,3.9,4380,14835.5,26950
34199,"Pézenas",33.2,2,5,1,9.9,20.1,11.4,3,4120,14757,18750
34200,"Pézènes-les-Mines",55,3,6,2,10.35,20.85,10.5,3.2,4299,14539.5,22370
34202,"Pignan",42.7,2,4,1,9.1,19.3,12,2.6,4690,15794,24090
34203,"Pinet",30.8,2,4,1,11.6,19.55,12.9,3.2,4530.5,15158.5,21800
34204,"Plaissan",38.65,2,5,1,9.7,20.6,11.4,3.55,4120,14757,21760
34207,"Pomérols",30.8,2,4,1,11.6,19.55,12.9,3.2,4530.5,15158.5,21510
34208,"Popian",32.9,2,4,1,9.7,20.6,11.4,3.55,4120,14757,24620
34209,"Portiragnes",27.95,2,4,1,10.3,19.9,11.8,4,4120,14757,22350
34210,"Pouget",38.65,2,5,1,9.7,20.6,11.4,3.55,4120,14757,22190
34211,"Poujol-sur-Orb",57.95,3,6,2,8.2,18.8,10.5,3.2,3138,12100,19740
34213,"Poussan",42.7,2,4,1,11.6,17.9,11.9,4.8,4104,14498,23060
34214,"Pouzolles",34,2,5,1,8.9,19.7,11,2.7,4299,14539.5,21590
34215,"Pouzols",38.65,2,5,1,9.7,20.6,11.4,3.55,4120,14757,23720
34217,"Prades-le-Lez",46.9,3,5,1,8,19.8,10.9,2.2,4380,14835.5,26410
34218,"Prades-sur-Vernazobre",39.6,2,5,1,10.4,18.9,11,3.9,3138,12100,20150
34219,"Prémian",97.5,5,9,3,4.65,13.3,9.3,5,3138,12100,19730
34222,"Puilacher",38.65,2,5,1,9.7,20.6,11.4,3.55,4120,14757,23540
34223,"Puimisson",64,3,3,3,9.95,19.6,11.1,3.1,4299,14539.5,22900
34224,"Puissalicon",34.8,2,4,1,8.9,19.7,11,2.7,4299,14539.5,22600
34225,"Puisserguier",33.7,2,4,1,9.5,19.5,11.1,3.1,4299,14539.5,20670
34227,"Restinclières",39,2,3,1,8.3,19.9,11.1,2.5,4205,15149,26280
34229,"Riols",78.9,4,7,2,7,15.3,11,3.9,3138,12100,20600
34232,"Roquebrun",39.6,2,5,1,10.4,18.9,11.1,3.1,3138,12100,19200
34235,"Rosis",52.5,3,3,2,8.3,17.4,9.6,5.3,3138,12100,19300
34237,"Roujan",34,2,5,1,8.9,19.7,11,2.7,4299,14539.5,21360
34239,"Saint-André-de-Sangonis",36.6,2,5,1,9.7,20.6,11.4,3.55,4120,14757,21660
34240,"Saint-Aunès",44,2,4,1,9.7,19.1,11.5,3.9,4380,14835.5,27160
34241,"Saint-Bauzille-de-la-Sylve",32.9,2,4,1,8.2,19.7,10.95,2.2,4120,14757,22740
34242,"Saint-Bauzille-de-Montmel",55.9,2,5,2,8,19.8,10.9,2.2,4380,14835.5,27620
34244,"Saint-Brès",44,2,4,1,9.7,19.1,11.5,3.9,4380,14835.5,24650
34246,"Entre-Vignes",39,2,3,1,8.3,19.9,11.1,2.5,4205,15149,25740
34247,"Saint-Clément-de-Rivière",76,4,6,2,8,19.8,10.9,2.2,4690,15794,34870
34248,"Sainte-Croix-de-Quintillargues",62.5,3,5,2,8,19.8,10.9,2.2,4380,14835.5,27460
34249,"Saint-Drézéry",55.9,2,5,2,8,19.8,10.9,2.2,4380,14835.5,27330
34250,"Saint-Étienne-d'Albagnan",98.2,5,10,3,4.65,13.3,9.3,5,3138,12100,19920
34254,"Saint-Félix-de-Lodez",36,2,4,2,9.7,20.6,11.4,3.55,4299,14539.5,23930
34255,"Saint-Gély-du-Fesc",76,4,6,2,8,19.8,10.9,2.2,4690,15794,29940
34256,"Saint-Geniès-des-Mourgues",39,2,3,1,8.3,19.9,11.1,2.5,4380,14835.5,27690
34257,"Saint-Geniès-de-Varensal",91.2,4,7,3,8.3,17.4,9.6,5.3,3138,12100,17740
34258,"Saint-Geniès-de-Fontedit",64,3,3,3,9.95,19.6,11.1,3.1,4299,14539.5,23050
34259,"Saint-Georges-d'Orques",46.45,3,6,2,9.9,19,12,2.6,4690,15794,25520
34260,"Saint-Gervais-sur-Mare",52.5,3,3,2,8.3,17.4,10.5,3.2,3138,12100,19550
34262,"Saint-Guiraud",36,2,4,2,9.7,20.6,11.4,3.55,4299,14539.5,25250
34263,"Saint-Hilaire-de-Beauvoir",55.9,2,5,2,8.3,19.9,11.1,2.5,4380,14835.5,25100
34265,"Saint-Jean-de-Cornies",55.9,2,5,2,8.3,19.9,11.1,2.5,4380,14835.5,28110
34266,"Saint-Jean-de-Cuculles",51.4,3,5,2,8,19.8,10.9,2.2,4690,15794,29770
34269,"Saint-Jean-de-Minervois",40,2.5,6,1,9.9,19.9,11,3.9,3965,14346.5,17230
34270,"Saint-Jean-de-Védas",44,2,5,1,10.95,19.9,12,2.6,4690,15794,25510
34271,"Saint-Julien",98.2,5,10,3,4.65,13.3,9.3,5,3138,12100,18050
34272,"Saint-Just",44,2,4,1,9.1,20.3,11.9,2.5,4205,15149,24370
34273,"Saint-Martin-de-l'Arçon",52.5,3,3,2,8.3,17.4,9.6,5.3,3138,12100,21270
34276,"Saint-Mathieu-de-Tréviers",51.4,3,5,2,8,19.8,10.9,2.2,4380,14835.5,25010
34279,"Saint-Nazaire-de-Ladarez",41.6,3,5,1.5,8.2,18.8,11.1,3.1,4299,14539.5,18720
34280,"Saint-Nazaire-de-Pézan",44,2,4,1,9.1,20.3,11.9,2.5,4205,15149,22140
34281,"Saint-Pargoire",38.1,2,4,1,8.2,19.7,10.95,2.2,4120,14757,20910
34282,"Saint-Paul-et-Valmalle",42.7,2,4,1,9.1,19.3,10.95,2.2,4690,15794,25710
34285,"Saint-Pons-de-Mauchiens",39.45,2,4,1,9.9,20.1,11.4,3,4120,14757,21080
34288,"Saint-Sériès",39,2,3,1,8.3,19.9,11.1,2.5,4205,15149,27150
34289,"Saint-Thibéry",33.2,2,5,1,9.9,20.1,11.4,3,4120,14757,20600
34290,"Saint-Vincent-de-Barbeyrargues",46.9,3,5,1,8,19.8,10.9,2.2,4380,14835.5,28520
34291,"Saint-Vincent-d'Olargues",98.2,5,10,3,4.65,13.3,9.3,5,3138,12100,18730
34292,"Salasc",51.7,3,5,2,10.3,19.6,10.7,4.7,4299,14539.5,21740
34293,"Salvetat-sur-Agout",93.6,5,9,3,7,15.3,9.3,4.2,3138,12100,20480
34294,"Saturargues",39,2,3,1,9.7,20.4,12.3,2.5,4205,15149,24400
34295,"Saussan",44,2,5,1,10.95,19.9,12,2.6,4690,15794,26260
34296,"Saussines",55.9,2,5,2,8.3,19.9,11.1,2.5,4205,15149,25470
34298,"Sauvian",32,2,3,1,10.3,19.9,11.8,4,4120,14757,22270
34299,"Sérignan",17.75,1,3,1,10.3,19.9,11.8,4,4120,14757,21240
34300,"Servian",33.85,2,4,1,8.9,19.7,11,2.7,4299,14539.5,21670
34301,"Sète",31.2,2,4,1,11.6,17.9,11.9,4.8,4104,14498,19960
34302,"Siran",36.4,2,6,1,10.4,19.5,12.7,4.2,3965,14346.5,19730
34305,"Soulié",116.05,6,10,4,7,15.3,10.9,4.2,3138,12100,17580
34307,"Sussargues",39,2,3,1,8,19.8,10.9,2.2,4380,14835.5,28460
34308,"Taussac-la-Billière",54.3,3,6,1,8.2,18.8,10.5,3.2,3138,12100,21340
34309,"Teyran",73.4,3,7,2,8,19.8,10.9,2.2,4380,14835.5,29970
34310,"Thézan-lès-Béziers",43,2,4,1,9.95,19.6,11.1,3.1,4299,14539.5,22860
34311,"Tourbes",33.2,2,5,1,9.9,20.1,11.4,3,4120,14757,23590
34313,"Tressan",38.65,2,5,1,9.7,20.6,11.4,3.55,4120,14757,21340
34314,"Triadou",46.9,3,5,1,8,19.8,10.9,2.2,4380,14835.5,27910
34315,"Usclas-d'Hérault",39.45,2,4,1,9.9,20.1,11.4,3,4120,14757,22830
34319,"Vailhan",40.25,2,5,1,10.35,20.85,11,2.7,4299,14539.5,18130
34320,"Vailhauquès",46.45,3,6,2,9.1,19.3,10.8,2.4,4690,15794,27230
34321,"Valergues",39,2,3,1,9.1,20.3,11.9,2.5,4205,15149,24940
34324,"Valras-Plage",17.75,1,3,1,10.3,19.9,11.8,4,4120,14757,20760
34325,"Valros",33.85,2,4,1,9.9,20.1,11.4,3,4120,14757,21700
34327,"Vendargues",44,2,4,1,9.7,19.1,11.5,3.9,4380,14835.5,25340
34328,"Vendémian",32.9,2,4,1,8.2,19.7,10.95,2.2,4120,14757,23030
34329,"Vendres",32,2,3,1,9.5,19.5,11.8,4,4120,14757,22350
34332,"Vias",27.95,2,4,1,10.3,19.9,11.8,4,4120,14757,19780
34333,"Vic-la-Gardiole",42.7,2,4,1,10.95,19.9,12,2.6,4690,15794,22730
34334,"Vieussan",52.5,3,3,2,10.4,18.9,11.1,3.1,3138,12100,16530
34336,"Villeneuve-lès-Béziers",32,2,3,1,10.3,19.9,11.8,4,4120,14757,20500
34337,"Villeneuve-lès-Maguelone",44,2,5,1,10.95,19.9,12,2.6,4690,15794,24010
34340,"Villetelle",51.85,2,4,2,9.7,20.4,12.3,2.5,4205,15149,26660
34341,"Villeveyrac",42.7,2,4,1,11.6,17.9,11.9,4.8,4104,14498,22720
34342,"Viols-en-Laval",66.6,3,5,2,7.4,18.5,10.8,2.4,4690,15794,26290
34344,"Grande-Motte",36.1,2,4,1,11,18.3,11.5,3.9,4380,14835.5,23390
46001,"Albas",55.3,4,8,2,7.9,19.35,11.6,2.2,3709,14404,22310
46003,"Alvignac",64.2,4,9,2,11.85,24.45,10.4,3.1,3493,13687,22270
46004,"Anglars",81.9,5,10,3,13.25,23.6,10.6,2.3,3383.5,12351.5,23550
46005,"Anglars-Juillac",61.5,4,7,2,7.9,19.35,11.6,3,3709,14404,21330
46006,"Anglars-Nozac",65,4,10,2,7.6,17.6,10.6,2.3,3360,12556,19910
46007,"Arcambal",96,6,7,3,6.1,17.3,10.7,2.2,3709,14404,22880
46008,"Arques",61.5,4,7,2,7.9,19.35,11.6,1.6,3102,12018,18780
46009,"Assier",81.9,5,10,3,6.6,20.3,10.6,2.3,3383.5,12351.5,21980
46010,"Aujols",62.8,4,9,2,6.1,17.3,10.7,2.2,3709,14404,24120
46011,"Autoire",90.4,5,12,3,7,19.95,11.2,2.6,3493,13687,24230
46012,"Aynac",90.4,5,12,3,13.25,23.6,10.4,3.1,3493,13687,20710
46013,"Bach",70.4,4.5,9,2,12.15,25.25,11.1,2.3,3709,14404,20290
46015,"Bagnac-sur-Célé",85.6,5,10,3,7.6,16.7,10.1,2.2,3349,12638,20510
46016,"Baladou",72.8,4.5,9,2,7.4,18.4,10.6,2.3,3268.5,12172,23450
46017,"Bannes",90.4,5,12,3,13.25,23.6,10.1,2.6,3383.5,12351.5,23600
46018,"Bastit",64.2,4,9,2,8.1,17.7,10.4,3.1,3493,13687,25060
46020,"Beauregard",71,5,9,2,12.15,25.25,11.1,2.3,3310,12085,20700
46021,"Béduer",61.45,4,8,2,8.3,18.3,10.6,2.3,3383.5,12351.5,24050
46022,"Bélaye",55.3,4,8,2,7.9,19.35,11.6,3,3709,14404,20640
46023,"Belfort-du-Quercy",58.45,4,9,2,14.1,25.4,10.7,2.2,3709,14404,20940
46026,"Belmont-Sainte-Foi",63.3,4,9,2,7.8,18.9,11.1,2.3,3709,14404,20930
46027,"Berganty",96,6,7,3,12.15,25.25,10.7,2.2,3709,14404,21740
46028,"Bétaille",87.2,5,11,3,11.45,25.4,11.2,1,3493,13687,21390
46030,"Bio",90.4,5,12,3,11.85,24.45,10.4,3.1,3493,13687,23200
46031,"Blars",68.2,4,9,2,5.8,18.8,10.4,3.1,3493,13687,21580
46032,"Boissières",77.85,5,10,2,6.1,17.3,10.7,2.2,3709,14404,23030
46033,"Porte-du-Quercy",59.7,4,7,2,7.9,19.35,11.6,3,3709,14404,21440
46034,"Bourg",81.9,5,10,3,13.25,23.6,10.6,2.3,3383.5,12351.5,22010
46035,"Boussac",61.45,4,8,2,8.3,18.3,10.6,2.3,3383.5,12351.5,21920
46036,"Bouyssou",81.9,5,10,3,13.25,23.6,10.6,2.3,3383.5,12351.5,23640
46039,"Brengues",66.25,5,9.5,2,6.6,20.3,10.6,2.3,3493,13687,21280
46040,"Cabrerets",96,6,7,3,5.8,18.8,10.7,2.8,3489,12601.5,19260
46041,"Cadrieu",66.25,5,9.5,2,12.15,25.25,10.6,2.3,3383.5,12351.5,23060
46042,"Cahors",59.55,4,8,2,6.1,17.3,10.7,2.2,3709,14404,21750
46044,"Caillac",59.55,4,8,2,7.9,19.35,11.6,1.9,3709,14404,23710
46045,"Cajarc",66.25,5,9.5,2,12.15,25.25,10.6,2.3,3383.5,12351.5,21760
46046,"Calamane",77.85,5,10,2,6.1,17.3,10.7,2.2,3709,14404,23750
46047,"Calès",72.8,4.5,9,2,7.6,17.6,10.6,2.3,3360,12556,20700
46049,"Calvignac",67.3,4,9,2,12.15,25.25,11.1,2.3,3310,12085,20430
46050,"Cambayrac",55.3,4,8,2,7.9,19.35,11.6,2.2,3709,14404,21720
46051,"Cambes",81.9,5,10,3,6.6,20.3,10.6,2.3,3383.5,12351.5,21970
46052,"Camboulit",61.45,4,8,2,8.3,18.3,10.6,2.3,3383.5,12351.5,21670
46053,"Camburat",80.7,5,10,3,8.3,18.3,10.6,2.3,3383.5,12351.5,22930
46054,"Caniac-du-Causse",64.2,4,9,2,7.1,17.35,10.7,2.8,3489,12601.5,21060
46055,"Capdenac",66,5,8,2,7.5,17.7,10.7,2.3,3383.5,12351.5,23010
46057,"Cardaillac",81.9,5,10,3,8.1,19.5,10.7,2.3,3383.5,12351.5,24110
46058,"Carennac",87.2,5,11,3,11.45,25.4,11.2,3.1,3493,13687,20480
46059,"Carlucet",64.2,4,9,2,7.1,17.35,10.7,2.8,3489,12601.5,22260
46060,"Carnac-Rouffiac",55.3,4,8,2,7.9,19.35,11.6,3,3709,14404,21820
46061,"Cassagnes",69.3,5,9,2,7.9,19.35,11.6,2.9,3398,12700,19010
46062,"Castelfranc",61.5,4,7,2,7.9,19.35,11.6,2.2,3709,14404,22100
46063,"Castelnau-Montratier",56.9,4,8.5,2,14.1,25.4,10.7,2.2,3709,14404,20570
46064,"Catus",53.8,3,8,1,7.9,19.35,11.6,1.6,3102,12018,21200
46065,"Cavagnac",74.9,5,10,2,7.15,18.55,11.2,2.3,3298.5,12257.5,21830
46066,"Cazals",61.5,4,7,2,8.1,19.6,11.6,1.6,3102,12018,22230
46068,"Cénevières",71,5,9,2,12.15,25.25,11.1,2.3,3493,13687,20510
46069,"Cézac",59.55,4,8,2,7.8,18.8,10.7,2.2,3709,14404,21990
46070,"Cieurac",62.8,4,9,2,6.1,17.3,10.7,2.2,3709,14404,24450
46072,"Concorès",53.8,3,8,1,7.6,17.6,10.6,2.3,3360,12556,20960
46073,"Concots",71,5,9,2,12.15,25.25,11.1,2.3,3709,14404,18030
46074,"Condat",74.9,5,10,2,11.45,25.4,11.2,2.3,3298.5,12257.5,21100
46075,"Corn",81.9,5,10,3,6.6,20.3,10.6,2.3,3383.5,12351.5,22040
46080,"Crayssac",61.5,4,7,2,7.9,19.35,11.6,1.9,3709,14404,24420
46082,"Cremps",58.45,4,9,2,6.1,17.3,10.7,2.2,3709,14404,23040
46083,"Cressensac-Sarrazac",63.05,4,9,2,7.4,18.4,10.6,2.3,3268.5,12172,21910
46084,"Creysse",72.8,4.5,9,2,11.45,25.4,11.2,2.3,3268.5,12172,21110
46085,"Cuzac",89.55,5,10,3,8.1,19.5,10.7,2.3,3383.5,12351.5,20080
46086,"Cuzance",74.1,5,9,2,7.4,18.4,10.6,2.3,3268.5,12172,22720
46087,"Dégagnac",53.8,3,8,1,6.9,17.4,10.3,1.6,3102,12018,20290
46088,"Douelle",59.55,4,8,2,6.1,17.3,10.7,2.2,3709,14404,23230
46089,"Duravel",69.3,5,9,2,7.9,19.35,11.6,2.9,3398,12700,21250
46090,"Durbans",64.2,4,9,2,8.1,17.7,10.4,3.1,3493,13687,21850
46091,"Escamps",63.3,4,9,2,12.15,25.25,11.1,2.3,3709,14404,25800
46092,"Esclauzels",96,6,7,3,6.1,17.3,10.7,2.2,3709,14404,23370
46094,"Espédaillac",68.2,4,9,2,6.6,20.3,10.4,3.1,3493,13687,23980
46095,"Espère",77.85,5,10,2,6.1,17.3,10.7,2.2,3709,14404,22500
46098,"Fajoles",68.2,5,10,2,6.9,17.4,10.3,1.6,3102,12018,20010
46100,"Faycelles",61.45,4,8,2,8.3,18.3,10.6,2.3,3383.5,12351.5,25070
46101,"Felzins",89.55,5,10,3,8.1,19.5,10.7,2.3,3383.5,12351.5,21970
46102,"Figeac",80.7,5,10,3,7.5,17.7,10.7,2.3,3383.5,12351.5,22150
46103,"Saint-Paul-Flaugnac",60.7,4,8,2,14.1,25.4,10.7,2.2,3709,14404,20580
46105,"Flaujac-Poujols",62.8,4,9,2,6.1,17.3,10.7,2.2,3709,14404,25950
46106,"Floirac",87.2,5,11,3,11.45,25.4,11.2,2.3,3493,13687,22830
46107,"Floressas",59.7,4,7,2,7.9,19.35,11.6,3,3709,14404,22210
46108,"Fons",81.9,5,10,3,13.25,23.6,10.6,2.3,3383.5,12351.5,22270
46109,"Fontanes",62.8,4,9,2,14.1,25.4,10.7,2.2,3709,14404,22860
46111,"Fourmagnac",81.9,5,10,3,13.25,23.6,10.6,2.3,3383.5,12351.5,23350
46112,"Francoulès",77.85,5,10,2,6.1,17.3,10.7,2.2,3709,14404,21620
46113,"Frayssinet",77.85,5,10,2,7.6,17.6,10.6,2.3,3360,12556,19600
46114,"Frayssinet-le-Gélat",69.3,5,9,2,7.9,19.35,11.6,2.9,3398,12700,20420
46118,"Gignac",63.05,4,9,2,8,17.35,10.8,2.3,3268.5,12172,22670
46119,"Gigouzac",77.85,5,10,2,7.6,17.6,10.6,2.3,3360,12556,23200
46120,"Gindou",61.5,4,7,2,7.9,19.35,11.6,1.6,3102,12018,20820
46121,"Ginouillac",77.85,5,10,2,7.1,17.35,10.7,2.8,3489,12601.5,23830
46125,"Gorses",112.95,7,11,4,12.5,21.9,10.1,2.2,3349,12638,19980
46126,"Goujounac",61.5,4,7,2,7.9,19.35,11.6,1.6,3102,12018,19300
46127,"Gourdon",62.3,4,8,2,6.9,17.4,10.3,1.6,3102,12018,21420
46128,"Gramat",64.2,4,9,2,11.85,24.45,10.4,3.1,3493,13687,22330
46129,"Gréalou",66.25,5,9.5,2,6.6,20.3,10.6,2.3,3383.5,12351.5,22190
46130,"Grézels",59.7,4,7,2,7.9,19.35,11.6,3,3709,14404,23130
46131,"Grèzes",68.2,4,9,2,6.6,20.3,10.4,3.1,3493,13687,20350
46132,"Issendolus",64.2,4,9,2,11.85,24.45,10.4,3.1,3493,13687,22390
46133,"Issepts",81.9,5,10,3,13.25,23.6,10.6,2.3,3383.5,12351.5,23260
46134,"Junies",61.5,4,7,2,7.9,19.35,11.6,1.6,3102,12018,21000
46136,"Labastide-du-Vert",61.5,4,7,2,7.9,19.35,11.6,2.2,3709,14404,21720
46137,"Labastide-Marnhac",59.55,4,8,2,7.8,18.8,10.7,2.2,3709,14404,24660
46138,"Cœur de Causse",75.5,5,9,2,7.1,17.35,10.7,2.8,3489,12601.5,21830
46139,"Labathude",81.9,5,10,3,13.25,23.6,10.7,2.3,3383.5,12351.5,23040
46140,"Laburgade",62.8,4,9,2,6.1,17.3,10.7,2.2,3709,14404,23850
46142,"Lacapelle-Cabanac",69.3,5,9,2,7.9,19.35,11.6,2.9,3398,12700,22410
46143,"Lacapelle-Marival",81.9,5,10,3,13.25,23.6,10.6,2.3,3383.5,12351.5,21620
46144,"Lacave",72.8,4.5,9,2,11.85,24.45,10.6,2.3,3360,12556,21260
46145,"Lachapelle-Auzac",74.1,5,9,2,8,17.35,10.8,2.3,3268.5,12172,21380
46147,"Lagardelle",61.5,4,7,2,7.9,19.35,11.6,3,3709,14404,22280
46148,"Lalbenque",58.45,4,9,2,14.1,25.4,10.7,2.2,3709,14404,23200
46149,"Lamagdelaine",96,6,7,3,6.1,17.3,10.7,2.2,3709,14404,24810
46151,"Lamothe-Cassel",75.5,5,9,2,7.1,17.35,10.7,2.8,3489,12601.5,20760
46152,"Lamothe-Fénelon",65,4,10,2,7.6,17.6,10.6,2.3,3360,12556,20870
46153,"Lanzac",72.8,4.5,9,2,8,17.35,10.8,2.3,3268.5,12172,22720
46154,"Laramière",67.3,4,9,2,12.15,25.25,10.6,1.9,3310,12085,19920
46155,"Larnagol",66.25,5,9.5,2,12.15,25.25,10.4,3.1,3493,13687,18380
46156,"Bellefont-La Rauze",77.85,5,10,2,6.1,17.3,10.7,2.2,3709,14404,24380
46157,"Larroque-Toirac",61.45,4,8,2,8.3,18.3,10.6,2.3,3383.5,12351.5,21650
46159,"Latouille-Lentillac",112.95,7,11,4,12.5,21.9,10.1,2.6,3349,12638,19940
46160,"Latronquière",112.95,7,11,4,12.5,21.9,10.1,2.2,3349,12638,20390
46161,"Lauresses",85.6,5,10,3,12.5,21.9,10.1,2.2,3349,12638,17950
46162,"Lauzès",96,6,7,3,7.1,17.35,10.7,2.8,3489,12601.5,20960
46164,"Lavercantière",53.8,3,8,1,6.9,17.4,10.3,1.6,3102,12018,18370
46165,"Lavergne",90.4,5,12,3,11.85,24.45,10.4,3.1,3493,13687,21210
46167,"Lentillac-du-Causse",96,6,7,3,5.8,18.8,10.7,2.8,3489,12601.5,21650
46168,"Lentillac-Saint-Blaise",66,5,8,2,7.5,17.7,10.7,2.3,3383.5,12351.5,23040
46169,"Léobard",68.2,5,10,2,6.9,17.4,10.3,1.6,3102,12018,22560
46170,"Leyme",90.4,5,12,3,13.25,23.6,10.1,2.6,3493,13687,23270
46171,"Lherm",61.5,4,7,2,7.9,19.35,11.6,1.6,3102,12018,19090
46172,"Lhospitalet",60.7,4,8,2,7.8,18.8,10.7,2.2,3709,14404,22890
46173,"Limogne-en-Quercy",67.3,4,9,2,12.15,25.25,11.1,2.3,3310,12085,21190
46174,"Linac",82.65,5,9,3,8.1,19.5,10.1,2.2,3349,12638,22690
46175,"Lissac-et-Mouret",61.45,4,8,2,8.3,18.3,10.6,2.3,3383.5,12351.5,24220
46176,"Livernon",81.9,5,10,3,6.6,20.3,10.4,3.1,3493,13687,21880
46177,"Loubressac",90.4,5,12,3,7,19.95,11.2,3.1,3493,13687,23950
46178,"Loupiac",72.8,4.5,9,2,7.6,17.6,10.6,2.3,3360,12556,22780
46179,"Lugagnac",71,5,9,2,12.15,25.25,11.1,2.3,3489,12601.5,22490
46180,"Lunan",66,5,8,2,8.1,19.5,10.7,2.3,3383.5,12351.5,25050
46182,"Luzech",61.5,4,7,2,7.9,19.35,11.6,2.2,3709,14404,22350
46183,"Marcilhac-sur-Célé",68.2,4,9,2,5.8,18.8,10.4,3.1,3493,13687,17750
46184,"Marminiac",61.5,4,7,2,8.1,19.6,11.6,1.6,3102,12018,19030
46185,"Martel",74.9,5,10,2,11.45,25.4,11.2,2.3,3268.5,12172,22420
46186,"Masclat",68.8,4,9,2,6.9,17.4,10.3,1.6,3102,12018,19780
46187,"Mauroux",66.4,4,9,2,7.9,19.35,11.6,3,3398,12700,21290
46188,"Maxou",77.85,5,10,2,6.1,17.3,10.7,2.2,3709,14404,23400
46189,"Mayrinhac-Lentour",90.4,5,12,3,11.85,24.45,10.4,3.1,3493,13687,21000
46190,"Mechmont",77.85,5,10,2,7.6,17.6,10.6,2.3,3360,12556,24220
46191,"Mercuès",59.55,4,8,2,6.1,17.3,10.7,2.2,3709,14404,21880
46192,"Meyronne",72.8,4.5,9,2,11.45,25.4,11.2,2.3,3268.5,12172,22380
46193,"Miers",87.2,5,11,3,11.85,24.45,11.2,3.1,3493,13687,19640
46194,"Milhac",68.2,5,10,2,6.9,17.4,10.3,1.6,3102,12018,19630
46195,"Molières",90.4,5,12,3,13.25,23.6,10.1,2.6,3383.5,12351.5,23580
46197,"Montat",60.7,4,8,2,6.1,17.3,10.7,2.2,3709,14404,25750
46198,"Montbrun",66.25,5,9.5,2,8.3,18.3,10.6,2.3,3383.5,12351.5,20900
46199,"Montcabrier",69.3,5,9,2,7.9,19.35,11.6,2.9,3398,12700,21960
46200,"Montcléra",61.5,4,7,2,7.9,19.35,11.6,1.6,3102,12018,18820
46201,"Montcuq-en-Quercy-Blanc",59.7,4,7,2,9.4,18.9,11.4,3,3709,14404,20160
46202,"Montdoumerc",62.8,4,9,2,14.1,25.4,10.7,2.2,3709,14404,21930
46203,"Montet-et-Bouxal",81.9,5,10,3,12.5,21.9,10.1,2.2,3349,12638,21360
46204,"Montfaucon",75.5,5,9,2,7.1,17.35,10.7,2.8,3489,12601.5,20370
46205,"Montgesty",61.5,4,7,2,7.9,19.35,11.6,1.6,3102,12018,21430
46207,"Montredon",89.55,5,10,3,3.7,15,10.1,2.2,3349,12638,22960
46208,"Montvalent",72.8,4.5,9,2,11.45,25.4,11.2,3.1,3493,13687,21760
46209,"Nadaillac-de-Rouge",72.8,4.5,9,2,8.2,18.2,10.7,2.2,3360,12556,24390
46211,"Nuzéjouls",77.85,5,10,2,7.9,19.35,11.6,1.9,3709,14404,21090
46213,"Padirac",90.4,5,12,3,11.85,24.45,11.2,3.1,3493,13687,22460
46214,"Parnac",59.55,4,8,2,7.9,19.35,11.6,2.2,3709,14404,21990
46215,"Payrac",65,4,10,2,7.6,17.6,10.6,2.3,3360,12556,20520
46216,"Payrignac",68.2,5,10,2,6.9,17.4,10.3,1.6,3102,12018,23020
46218,"Pescadoires",61.5,4,7,2,7.9,19.35,11.6,3,3709,14404,17160
46219,"Peyrilles",77.85,5,10,2,7.6,17.6,10.6,2.3,3360,12556,19640
46220,"Pinsac",72.8,4.5,9,2,8,17.35,10.8,2.3,3268.5,12172,22100
46221,"Planioles",80.7,5,10,3,8.1,19.5,10.7,2.3,3383.5,12351.5,24430
46222,"Pomarède",61.5,4,7,2,7.9,19.35,11.6,1.6,3102,12018,23220
46223,"Pontcirq",61.5,4,7,2,7.9,19.35,11.6,1.6,3102,12018,18620
46224,"Pradines",59.55,4,8,2,6.1,17.3,10.7,2.2,3709,14404,23280
46225,"Prayssac",61.5,4,7,2,7.9,19.35,11.6,3,3709,14404,21970
46226,"Prendeignes",82.65,5,9,3,8.1,19.5,10.1,2.2,3349,12638,18420
46227,"Promilhanes",67.3,4,9,2,12.15,25.25,10.6,1.9,3310,12085,18170
46228,"Prudhomat",99.95,6,13,3,7,19.95,11.2,2.6,3493,13687,22650
46229,"Puybrun",99.95,6,13,3,7,19.95,11.2,2.6,3493,13687,21860
46231,"Puy-l'Évêque",69.3,5,9,2,7.9,19.35,11.6,2.9,3398,12700,20250
46232,"Vignon-en-Quercy",74.9,5,10,2,7.15,18.55,11.2,2.3,3268.5,12172,19810
46233,"Quissac-en-Quercy",68.2,4,9,2,5.8,18.8,10.4,3.1,3493,13687,24260
46235,"Reilhac",64.2,4,9,2,8.1,17.7,10.4,3.1,3493,13687,24560
46236,"Reilhaguet",65,4,10,2,7.6,17.6,10.6,2.3,3360,12556,22270
46237,"Reyrevignes",81.9,5,10,3,6.6,20.3,10.6,2.3,3383.5,12351.5,23290
46238,"Rignac",64.2,4,9,2,11.85,24.45,10.4,3.1,3493,13687,23340
46239,"Roc",72.8,4.5,9,2,8.2,18.2,10.7,2.2,3268.5,12172,22640
46240,"Rocamadour",64.2,4,9,2,11.85,24.45,10.7,2.8,3489,12601.5,21160
46241,"Rouffilhac",65,4,10,2,7.6,17.6,10.6,2.3,3360,12556,22750
46242,"Rudelle",81.9,5,10,3,13.25,23.6,10.4,3.1,3493,13687,21940
46243,"Rueyres",90.4,5,12,3,13.25,23.6,10.4,3.1,3493,13687,18680
46247,"Saillac",71,5,9,2,12.15,25.25,11.1,2.3,3310,12085,19680
46249,"Saint-Bressou",81.9,5,10,3,13.25,23.6,10.6,2.3,3383.5,12351.5,22370
46252,"Pechs du Vers",75.5,5,9,2,7.1,17.35,10.7,2.8,3489,12601.5,21100
46253,"Saint-Chamarand",77.85,5,10,2,7.6,17.6,10.6,2.3,3360,12556,22180
46254,"Saint-Chels",66.25,5,9.5,2,5.8,18.8,10.6,2.3,3493,13687,21120
46255,"Saint-Cirgues",85.6,5,10,3,7.6,16.7,10.1,2.2,3349,12638,19610
46256,"Saint-Cirq-Lapopie",96,6,7,3,12.15,25.25,10.7,2.8,3489,12601.5,17360
46257,"Saint-Cirq-Madelon",68.2,5,10,2,6.9,17.4,10.3,1.6,3102,12018,21120
46258,"Saint-Cirq-Souillaguet",65,4,10,2,7.6,17.6,10.6,2.3,3360,12556,22340
46259,"Saint-Clair",62.3,4,8,2,7.6,17.6,10.6,2.3,3360,12556,20770
46260,"Sainte-Colombe",81.9,5,10,3,8.1,19.5,10.7,2.3,3383.5,12351.5,20150
46262,"Lendou-en-Quercy",63.1,4,9,2,9.4,18.9,11.4,3,3709,14404,20550
46263,"Barguelonne-en-Quercy",59.7,4,7,2,9.4,18.9,11.6,3,3709,14404,21240
46264,"Saint-Denis-Catus",77.85,5,10,2,7.6,17.6,10.6,2.3,3360,12556,21330
46265,"Saint-Denis-lès-Martel",74.9,5,10,2,11.45,25.4,11.2,2.3,3268.5,12172,20640
46266,"Saint-Félix",66,5,8,2,8.1,19.5,10.7,2.3,3383.5,12351.5,22730
46267,"Saint-Germain-du-Bel-Air",77.85,5,10,2,7.6,17.6,10.6,2.3,3360,12556,21780
46268,"Saint Géry-Vers",96,6,7,3,5.8,18.8,10.7,2.8,3489,12601.5,21940
46270,"Saint-Jean-de-Laur",66.25,5,9.5,2,12.15,25.25,10.6,1.9,3310,12085,23140
46271,"Saint-Jean-Lespinasse",90.4,5,12,3,7,19.95,10.1,2.6,3493,13687,26050
46272,"Saint-Jean-Mirabel",82.65,5,9,3,8.1,19.5,10.7,2.3,3383.5,12351.5,23440
46276,"Saint-Martin-Labouval",68.2,4,9,2,5.8,18.8,10.4,3.1,3493,13687,19290
46277,"Saint-Martin-le-Redon",69.3,5,9,2,9.4,18.4,11.3,2.9,3398,12700,19980
46279,"Saint-Maurice-en-Quercy",81.9,5,10,3,13.25,23.6,10.6,2.3,3383.5,12351.5,21090
46280,"Saint-Médard",61.5,4,7,2,7.9,19.35,11.6,1.9,3709,14404,22950
46281,"Saint-Médard-de-Presque",90.4,5,12,3,7,19.95,10.1,2.6,3493,13687,24570
46283,"Saint-Michel-de-Bannières",87.2,5,11,3,11.45,25.4,11.2,2.3,3268.5,12172,20580
46286,"Saint-Paul-de-Vern",74,5,10,2,13.25,23.6,10.1,2.6,3349,12638,20700
46288,"Saint-Perdoux",82.65,5,9,3,8.1,19.5,10.7,2.3,3383.5,12351.5,20490
46289,"Saint-Pierre-Toirac",61.45,4,8,2,8.3,18.3,10.6,2.3,3383.5,12351.5,23300
46290,"Saint-Projet",65,4,10,2,7.6,17.6,10.6,2.3,3360,12556,22080
46292,"Saint-Simon",64.2,4,9,2,6.6,20.3,10.4,3.1,3493,13687,23450
46293,"Saint-Sozy",72.8,4.5,9,2,8,17.35,10.8,2.3,3268.5,12172,21990
46294,"Saint-Sulpice",68.2,4,9,2,5.8,18.8,10.4,3.1,3493,13687,17520
46295,"Saint-Vincent-du-Pendit",90.4,5,12,3,7,19.95,10.1,2.6,3493,13687,23380
46296,"Saint-Vincent-Rive-d'Olt",59.55,4,8,2,7.9,19.35,11.6,2.2,3709,14404,22790
46297,"Salviac",53.8,3,8,1,6.9,17.4,10.3,1.6,3102,12018,20290
46299,"Sauliac-sur-Célé",68.2,4,9,2,5.8,18.8,10.4,3.1,3493,13687,18000
46301,"Sauzet",55.3,4,8,2,7.9,19.35,11.6,2.2,3709,14404,21520
46302,"Sénaillac-Latronquière",112.95,7,11,4,12.5,21.9,10.1,2.2,3349,12638,19340
46303,"Sénaillac-Lauzès",96,6,7,3,5.8,18.8,10.7,2.8,3489,12601.5,19940
46304,"Séniergues",75.5,5,9,2,7.1,17.35,10.7,2.8,3489,12601.5,21990
46305,"Sérignac",66.4,4,9,2,7.9,19.35,11.6,3,3582,13430,21360
46307,"Soturac",69.3,5,9,2,9.4,18.4,11.3,2.9,3398,12700,21310
46308,"Soucirac",77.85,5,10,2,7.6,17.6,10.6,2.3,3360,12556,19140
46309,"Souillac",74.1,5,9,2,8,17.35,10.8,2.3,3268.5,12172,19500
46310,"Soulomès",75.5,5,9,2,7.1,17.35,10.7,2.8,3489,12601.5,21000
46311,"Sousceyrac-en-Quercy",112.95,7,11,4,12.5,21.9,10.1,2.6,3349,12638,19250
46312,"Strenquels",74.9,5,10,2,11.45,25.4,11.2,2.3,3268.5,12172,21730
46313,"Tauriac",99.95,6,13,3,7,19.95,11.2,2.6,3493,13687,22120
46314,"Terrou",81.9,5,10,3,13.25,23.6,10.1,2.6,3349,12638,21950
46315,"Teyssieu",95.1,6,10,3,7.45,16,10.1,2.6,3349,12638,19390
46316,"Thédirac",53.8,3,8,1,7.9,19.35,11.6,1.6,3102,12018,20240
46317,"Thégra",90.4,5,12,3,11.85,24.45,10.4,3.1,3493,13687,20400
46318,"Thémines",90.4,5,12,3,6.6,20.3,10.4,3.1,3493,13687,20970
46319,"Théminettes",81.9,5,10,3,6.6,20.3,10.4,3.1,3493,13687,21440
46320,"Tour-de-Faure",68.2,4,9,2,5.8,18.8,10.7,2.8,3489,12601.5,22890
46321,"Touzac",69.3,5,9,2,7.9,19.35,11.6,2.9,3398,12700,20040
46322,"Trespoux-Rassiels",59.55,4,8,2,7.8,18.8,10.7,2.2,3709,14404,23320
46324,"Uzech",77.85,5,10,2,7.6,17.6,10.6,2.3,3360,12556,20070
46328,"Varaire",71,5,9,2,12.15,25.25,11.1,2.3,3709,14404,18300
46329,"Vaylats",63.3,4,9,2,7.8,18.9,11.1,2.3,3709,14404,19870
46330,"Vayrac",87.2,5,11,3,11.45,25.4,11.2,2.3,3493,13687,22160
46332,"Viazac",82.65,5,9,3,8.1,19.5,10.7,2.3,3383.5,12351.5,21280
46333,"Vidaillac",67.3,4,9,2,12.15,25.25,11.1,2.3,3310,12085,18640
46334,"Vigan",65,4,10,2,7.6,17.6,10.6,2.3,3360,12556,21780
46335,"Villesèque",59.55,4,8,2,7.8,18.8,10.7,2.2,3709,14404,23880
46336,"Vire-sur-Lot",69.3,5,9,2,7.9,19.35,11.6,3,3398,12700,24280
46337,"Mayrac",72.8,4.5,9,2,8,17.35,10.8,2.3,3268.5,12172,21220
46339,"Saint-Jean-Lagineste",90.4,5,12,3,7,19.95,10.1,2.6,3493,13687,24940
46340,"Saint-Pierre-Lafeuille",77.85,5,10,2,6.1,17.3,10.7,2.2,3709,14404,22700
48001,"Albaret-le-Comtal",88.7,5,11,3,3.9,13.55,8.4,3.2,3336,12135,18490
48002,"Albaret-Sainte-Marie",61.5,4,9,2,3.9,13.55,8.3,2.1,3336,12135,22580
48003,"Allenc",54.9,4,7,2,3.8,14.4,8.2,2.7,3282,11861.5,21640
48005,"Antrenas",94.3,6,9,4,3,12.4,8.2,3.7,3506.5,12843,22590
48008,"Arzenc-de-Randon",78.65,5,10,2,2.25,11.55,7.3,7,3282,11861.5,19740
48010,"Auroux",54.8,3,8,2,3.6,14.1,8.5,3.6,3342,12824,20290
48012,"Monts-Verts",61.5,4,9,2,9.7,19.45,8.3,2.1,3336,12135,19400
48013,"Badaroux",64,4,9,2,2.9,12.4,8.2,2.7,3282,11861.5,23720
48016,"Balsièges",60.25,4,8,2,4.8,14.7,8.5,2.6,3506.5,12843,24700
48018,"Barjac",60.25,4,8,2,4.8,14.7,8.5,2.6,3506.5,12843,22540
48026,"Blavignac",65.4,4,8,2,3.4,12.1,8.3,2.1,3336,12135,21220
48027,"Mont Lozère et Goulet",54.9,4,7,2,5,14.9,8.5,3.3,3282,11861.5,19740
48028,"Bondons",65.95,4,7,2,5.6,14.35,8.8,4.2,3282,11861.5,17830
48029,"Born",64,4,9,2,1.9,9.2,7.3,7,3282,11861.5,20150
48030,"Brenoux",64,4,9,2,2.9,12.4,8.2,2.7,3282,11861.5,22290
48037,"Chadenet",54.9,4,7,2,3.8,14.4,8.2,2.7,3282,11861.5,20690
48038,"Bel-Air-Val-d'Ance",56.6,3,8,1,6.9,16.45,8.3,3,3281,12473,20190
48039,"Chanac",60.25,4,8,2,5.1,16.5,8.5,2.6,3506.5,12843,23000
48042,"Chastel-Nouvel",64,4,9,2,4.8,14.7,8.5,2.6,3506.5,12843,25000
48050,"Bédouès-Cocurès",65.95,4,7,2,5.6,14.35,8.8,4.2,3282,11861.5,21750
48051,"Collet-de-Dèze",87.4,4,7,3,12.7,24.2,9.6,2.7,3865.5,13845,19800
48055,"Cultures",60.25,4,8,2,5.1,16.5,8.5,2.6,3506.5,12843,21750
48056,"Esclanèdes",60.25,4,8,2,5.1,16.5,8.5,2.6,3506.5,12843,22930
48058,"Fage-Montivernoux",88.7,5,11,3,9.7,19.45,8.2,3.3,4299,14771,16750
48061,"Florac Trois Rivières",72,4,8,2,8.2,20.2,8.8,4.2,3282,11861.5,21280
48064,"Fournels",88.7,5,11,3,9.7,19.45,8.4,3.2,3336,12135,19140
48068,"Gabrias",60.25,4,8,2,7.85,20.2,8.5,2.6,3506.5,12843,22470
48070,"Grandrieu",71,5,9,2,2.1,12.2,7.3,7,3281,12473,20240
48072,"Grèzes",60.25,4,8,2,7.85,20.2,8.5,2.6,3506.5,12843,23070
48073,"Hermaux",88.85,5,9,3,5.7,15.95,9.2,3.2,4299,14771,20020
48075,"Ispagnac",72,4,8,2,1,6.5,8.2,2.7,3282,11861.5,21250
48079,"Lajo",65.4,4,8,2,6.7,17.1,8.3,3,3281,12473,18810
48080,"Langogne",54.8,3,8,2,3.6,14.1,8.5,3.6,3342,12824,21170
48081,"Lanuéjols",54.9,4,7,2,2.9,12.4,8.2,2.7,3282,11861.5,23020
48082,"Laubert",78.65,5,10,2,3.8,14.4,7.3,7,3282,11861.5,19880
48083,"Laubies",67,4,9,2,2.5,13.8,7.3,7,3506.5,12843,20270
48085,"Laval-du-Tarn",60.25,4,8,2,7.1,18.5,8.95,2.3,3506.5,12843,22310
48087,"Prinsuéjols-Malbouzon",69.5,4,9,2,9.7,19.45,8.2,3.7,4299,14771,19770
48089,"Malzieu-Forain",65.4,4,8,2,3.4,12.1,8.3,3,3281,12473,22710
48090,"Malzieu-Ville",65.4,4,8,2,3.4,12.1,8.3,2.1,3281,12473,21370
48092,"Marvejols",60.25,4,8,2,7.85,20.2,9.2,3.2,3506.5,12843,21730
48094,"Massegros Causses Gorges",73.55,5,9,2,4,13.9,8.95,2.3,3450,12407,21490
48095,"Mende",67,4,9,2,4.7,16.1,8.5,2.6,3506.5,12843,22980
48103,"Montrodat",60.25,4,8,2,7.85,20.2,9.2,3.2,3506.5,12843,24070
48104,"Nasbinals",115.75,7,11,4,1.9,10.25,7.9,5.1,4299,14771,21180
48105,"Naussac-Fontanes",54.8,3,8,2,3.6,14.1,8.5,3.6,3342,12824,21500
48107,"Palhers",60.25,4,8,2,7.85,20.2,9.2,3.2,3506.5,12843,23450
48111,"Pelouse",64,4,9,2,3.8,14.4,8.2,2.7,3282,11861.5,22170
48123,"Recoules-d'Aubrac",115.75,7,11,4,1.9,10.25,7.9,5.1,4299,14771,19990
48126,"Lachamp-Ribennes",67,4,9,2,2.5,13.8,8.5,2.6,3506.5,12843,20480
48127,"Monts-de-Randon",64,4,9,2,1.9,9.2,7.3,7,3506.5,12843,20830
48131,"Rozier",52,3,8,1,4.6,13.8,8.9,2.4,3450,12407,18370
48132,"Saint-Alban-sur-Limagnole",65.4,4,8,2,1.9,8.4,7.3,7,3281,12473,22670
48135,"Saint-André-Capcèze",104.95,5,8,3,6,15.9,8.5,3.3,3865.5,13845,21410
48137,"Saint-Bauzile",72,4,8,2,4.7,16.1,8.2,2.7,3282,11861.5,23840
48139,"Saint Bonnet-Laval",56.6,3,8,1,6.9,16.45,8.5,3.6,3342,12824,20150
48145,"Saint-Denis-en-Margeride",86.6,6,11,3,1.9,8.4,7.3,7,3506.5,12843,17260
48146,"Gorges du Tarn Causses",67.7,4,9,2,7.1,18.5,8.5,2.6,3506.5,12843,20770
48147,"Saint-Étienne-du-Valdonnez",72,4,8,2,2.9,12.4,8.2,2.7,3282,11861.5,21220
48148,"Saint-Étienne-Vallée-Française",91.4,4,7,2,8.9,18.85,10.1,3.1,3865.5,13845,17190
48152,"Ventalon en Cévennes",97.9,4,8,3,12.7,24.2,10.1,3.1,3865.5,13845,15160
48163,"Saint-Julien-des-Points",109,4,7,3,12.7,24.2,9.6,2.7,3865.5,13845,20850
48165,"Saint-Laurent-de-Muret",94.3,6,9,4,3,12.4,8.2,3.7,4299,14771,19390
48168,"Saint-Léger-de-Peyre",60.25,4,8,2,7.85,20.2,8.2,3.3,3506.5,12843,19960
48169,"Saint-Léger-du-Malzieu",65.4,4,8,2,3.4,12.1,8.3,2.1,3281,12473,18250
48170,"Saint-Martin-de-Boubaux",87.4,4,7,3,12.7,24.2,10.1,3.1,3865.5,13845,16330
48173,"Saint-Michel-de-Dèze",87.4,4,7,3,12.7,24.2,10.1,3.1,3865.5,13845,19650
48174,"Saint-Paul-le-Froid",86.6,6,11,3,1.9,8.4,7.3,7,3281,12473,15470
48175,"Saint-Pierre-de-Nogaret",88.85,5,9,3,5.7,15.95,9.2,3.2,4299,14771,19340
48178,"Saint-Privat-de-Vallongue",57.5,3,5,2,7.8,15.85,9.2,3.4,3865.5,13845,17500
48179,"Saint-Privat-du-Fau",65.4,4,8,2,3.4,12.1,8.3,2.1,3281,12473,19440
48185,"Salelles",60.25,4,8,2,5.1,16.5,9.2,3.2,3506.5,12843,21640
48188,"Serverette",67,4,9,2,2.5,13.8,8.2,3.3,3506.5,12843,20910
48190,"Termes",88.7,5,11,3,9.7,19.45,8.4,3.2,3336,12135,20860
48194,"Vialas",99.5,5,8,3,7.9,16.4,8.5,3.3,3865.5,13845,18730
65001,"Adast",67.8,4,9,2,6.45,18.45,10.1,2,3156,12814,22660
65002,"Adé",57.65,3.5,8,2,6.95,17.4,10.7,2.5,3156,12814,23130
65003,"Adervielle-Pouchergues",86,5,11,3,4.4,12.2,6.8,1.8,3285,12622,21800
65004,"Agos-Vidalos",67.8,4,9,2,8.2,18.9,10.1,2,3156,12814,24340
65005,"Allier",90.8,6,11,3,8.5,20.1,10.7,2.5,3156,12814,26310
65006,"Ancizan",64.2,4,9,2,4.3,17.05,9.15,1.8,3276,13039,19560
65007,"Andrest",83,5,10,3,7.35,19.05,11.75,1.8,3348,13243,22990
65009,"Anères",92.8,6,11,3,6.45,16.15,10.15,2.6,3276,13039,24160
65010,"Angos",90.8,6,11,3,8.5,20.1,10.7,2.5,3156,12814,25910
65011,"Angles",83,5,10,3,6.95,17.4,10.7,2.5,3156,12814,24910
65016,"Antist",90.8,6,11,3,8.5,20.1,10.7,2.5,3156,12814,24680
65019,"Arcizac-Adour",90.8,6,11,3,6.95,17.4,10.7,2.5,3156,12814,24710
65020,"Arcizac-ez-Angles",83,5,10,3,6.95,17.4,10.7,2.5,3156,12814,22350
65025,"Argelès-Gazost",67.8,4,9,2,8.2,18.9,10.1,2,3156,12814,21770
65028,"Arné",73,5,9,3,7,18.3,11.2,2.2,3522.5,13426.5,22970
65031,"Arreau",78.2,5,10,3,4.85,21.4,9.15,1.8,3276,13039,20650
65033,"Arrodets-ez-Angles",90.8,6,11,3,6.95,17.4,10.7,2.5,3156,12814,20920
65035,"Artagnan",65.4,4,9,2,7.35,19.05,11.75,1.8,3348,13243,20370
65036,"Artalens-Souin",67.8,4,9,2,6.45,18.45,10.1,2,3156,12814,21170
65040,"Aspin-en-Lavedan",67.8,4,9,2,8.2,18.9,10.1,2,3156,12814,22290
65041,"Asque",91.25,5,11,3,6,19.4,6.35,2.6,3276,13039,22000
65042,"Asté",74.5,4,7,3,6,19.4,6.35,2.6,3276,13039,20830
65043,"Astugue",90.8,6,11,3,6.95,17.4,10.7,2.5,3156,12814,22650
65044,"Aubarède",82.55,5.5,9.5,3,8.5,20.1,10.15,2.6,3276,13039,20150
65047,"Aureilhan",83,5,10,3,6.95,17.4,10.7,2.5,3156,12814,21370
65048,"Aurensan",83,5,10,3,7.35,19.05,11.75,1.8,3348,13243,23240
65049,"Auriébat",65.4,4,9,2,8.3,20.5,11.75,1.8,3348,13243,21540
65051,"Aventignan",61.25,5,6,3,6.55,18.25,11.1,2.2,3373,13106.5,21670
65054,"Avezac-Prat-Lahitte",91.25,5,11,3,6,19.4,10.15,2.6,3276,13039,21780
65055,"Ayros-Arbouix",67.8,4,9,2,8.2,18.9,10.1,2,3156,12814,23130
65056,"Ayzac-Ost",67.8,4,9,2,8.2,18.9,10.1,2,3156,12814,23320
65057,"Azereix",57.65,3.5,8,2,6.95,17.4,10.7,2.5,3156,12814,25480
65058,"Azet",82.2,4.5,10,3,6.3,18.6,9.15,1.8,3285,12622,19880
65062,"Barbazan-Debat",90.8,6,11,3,8.5,20.1,10.7,2.5,3156,12814,23240
65063,"Barbazan-Dessus",90.8,6,11,3,8.5,20.1,10.7,2.5,3156,12814,25030
65065,"Barlest",81.9,5,10,2.5,7,18.5,11.2,2.1,3156,12814,22320
65067,"Barry",83,5,10,3,6.95,17.4,10.7,2.5,3156,12814,22810
65069,"Barthe-de-Neste",92.8,6,11,3,6.45,16.15,10.15,2.6,3276,13039,22760
65070,"Bartrès",57.65,3.5,8,2,6.95,17.4,10.7,2.5,3156,12814,25620
65072,"Bazet",83,5,10,3,7.35,19.05,11.75,1.8,3348,13243,21580
65073,"Bazillac",65.4,4,9,2,7.35,19.05,11.75,1.8,3348,13243,22140
65074,"Bazordan",73,5,9,3,7,18.3,11.2,2.2,3522.5,13426.5,19800
65078,"Beaudéan",74.5,4,7,3,1.55,9.15,6.35,2,3156,12814,22060
65079,"Bégole",90.75,6,11,3,6.9,16.7,10.15,2.6,3276,13039,22370
65080,"Bénac",83,5,10,3,6.95,17.4,10.7,2.5,3156,12814,23540
65081,"Benqué-Molère",91.25,5,11,3,6,19.4,10.15,2.6,3276,13039,24340
65083,"Bernac-Debat",90.8,6,11,3,6.95,17.4,10.7,2.5,3156,12814,24930
65084,"Bernac-Dessus",90.8,6,11,3,8.5,20.1,10.7,2.5,3156,12814,23880
65086,"Bernadets-Dessus",90.75,6,11,3,8.5,20.1,10.15,2.6,3276,13039,17950
65087,"Bertren",61.25,5,6,3,0.9,11.4,11.1,2.2,3373,13106.5,22260
65092,"Beyrède-Jumet-Camous",78.2,5,10,3,4.85,21.4,9.15,1.8,3276,13039,18860
65093,"Bize",92.8,6,11,3,6.45,16.15,10.15,2.6,3276,13039,19960
65094,"Bizous",92.8,6,11,3,6.45,16.15,10.15,2.6,3276,13039,21380
65095,"Bonnefont",82.55,5.5,9.5,3,6.9,16.7,10.15,2.6,3276,13039,21470
65097,"Bonrepos",90.75,6,11,3,6.9,16.7,10.15,2.6,3276,13039,19640
65098,"Boô-Silhen",67.8,4,9,2,8.2,18.9,10.1,2,3156,12814,25020
65099,"Bordères-Louron",64.2,4,9,2,4.85,21.4,9.15,1.8,3285,12622,21100
65100,"Bordères-sur-l'Échez",83,5,10,3,6.95,17.4,10.7,2.5,3156,12814,20660
65101,"Bordes",86.5,5,9,2,8.5,20.1,10.15,2.6,3276,13039,22730
65103,"Bouilh-Péreuilh",82.55,5.5,9.5,3,8.5,20.1,11.75,1.8,3348,13243,22840
65104,"Boulin",83,5,10,3,8.5,20.1,10.7,2.5,3156,12814,27210
65105,"Bourg-de-Bigorre",91.25,5,11,3,6,19.4,10.15,2.6,3276,13039,20460
65107,"Bourréac",83,5,10,3,6.95,17.4,10.7,2.5,3156,12814,23840
65108,"Bours",83,5,10,3,7.35,19.05,11.75,1.8,3348,13243,24290
65113,"Burg",90.75,6,11,3,8.5,20.1,10.15,2.6,3276,13039,21520
65115,"Cabanac",82.55,5.5,9.5,3,8.5,20.1,10.15,2.6,3276,13039,21030
65116,"Cadéac",64.2,4,9,2,4.85,21.4,9.15,1.8,3276,13039,18880
65119,"Caixon",70.6,3.5,5.5,2,7.35,19.05,11.75,1.8,3348,13243,20660
65120,"Calavanté",90.8,6,11,3,8.5,20.1,10.7,2.5,3156,12814,24480
65121,"Camalès",83,5,10,3,7.35,19.05,11.75,1.8,3348,13243,22520
65123,"Campan",81,6,9,3,3.2,9.2,6.35,1.8,3276,13039,21240
65125,"Campistrous",90.75,6,11,3,6.9,16.7,10.15,2.6,3276,13039,24670
65126,"Campuzan",82.55,5.5,9.5,3,7,18.3,11.2,2.2,3522.5,13426.5,24780
65127,"Capvern",92.8,6,11,3,6.9,16.7,10.15,2.6,3276,13039,22160
65128,"Castelbajac",90.75,6,11,3,6.9,16.7,10.15,2.6,3276,13039,21310
65129,"Castelnau-Magnoac",57.8,4,9,2,7,18.3,11.2,2.2,3522.5,13426.5,21240
65130,"Castelnau-Rivière-Basse",70.6,3.5,5.5,2,7.55,19.9,11.3,1.3,3329,12938,20090
65131,"Castelvieilh",82.55,5.5,9.5,3,8.5,20.1,11.75,1.8,3348,13243,22670
65133,"Castéra-Lou",82.55,5.5,9.5,3,7.35,19.05,11.75,1.8,3348,13243,24290
65142,"Chelle-Debat",82.55,5.5,9.5,3,8.5,20.1,11.75,1.8,3348,13243,21350
65143,"Chelle-Spou",86.5,5,9,2,8.5,20.1,10.15,2.6,3276,13039,19040
65146,"Chis",83,5,10,3,7.35,19.05,11.75,1.8,3348,13243,23330
65147,"Cieutat",86.5,5,9,2,8.5,20.1,10.15,2.6,3276,13039,22260
65148,"Cizos",73,5,9,3,7,18.3,11.2,2.2,3522.5,13426.5,19380
65149,"Clarac",82.55,5.5,9.5,3,8.5,20.1,10.15,2.6,3276,13039,21500
65150,"Clarens",90.75,6,11,3,6.45,16.15,10.15,2.6,3276,13039,24070
65151,"Collongues",82.55,5.5,9.5,3,8.5,20.1,11.75,1.8,3348,13243,21760
65153,"Coussan",82.55,5.5,9.5,3,8.5,20.1,10.15,2.6,3276,13039,26200
65156,"Dours",83,5,10,3,7.35,19.05,11.75,1.8,3348,13243,24900
65159,"Escala",92.8,6,11,3,6.45,16.15,10.15,2.6,3276,13039,22430
65161,"Escondeaux",82.55,5.5,9.5,3,7.35,19.05,11.75,1.8,3348,13243,20630
65164,"Escoubès-Pouts",83,5,10,3,6.95,17.4,10.7,2.5,3156,12814,22520
65165,"Esparros",91.25,5,11,3,6,19.4,10.15,2.6,3276,13039,17930
65177,"Fontrailles",82.55,5.5,9.5,3,8.7,19.7,11.2,2.2,3522.5,13426.5,23070
65181,"Fréchou-Fréchet",90.8,6,11,3,8.5,20.1,10.7,2.5,3156,12814,24750
65183,"Galan",90.75,6,11,3,6.9,16.7,10.15,2.6,3276,13039,21250
65184,"Galez",90.75,6,11,3,6.9,16.7,10.15,2.6,3276,13039,21070
65185,"Gardères",92.5,5,10.5,3,7.15,17.95,11.2,2.1,3156,12814,24280
65187,"Gaussan",73,5,9,3,7,18.3,11.2,2.2,3522.5,13426.5,21980
65189,"Gayan",83,5,10,3,7.35,19.05,11.75,1.8,3348,13243,22550
65191,"Gazost",106.3,7,12,4,8.2,18.9,10.1,2,3156,12814,21970
65195,"Génos",115.75,7,12,4,0.2,7.3,6.8,1.8,3285,12622,21600
65197,"Ger",67.8,4,9,2,8.2,18.9,10.1,2,3156,12814,22620
65198,"Gerde",98.2,6,11,3,6,19.4,6.35,2.6,3276,13039,23090
65200,"Germs-sur-l'Oussouet",106.3,7,12,4,8.2,18.9,10.1,2,3156,12814,19810
65201,"Geu",67.8,4,9,2,8.2,18.9,10.1,2,3156,12814,20630
65206,"Goudon",82.55,5.5,9.5,3,8.5,20.1,10.15,2.6,3276,13039,23620
65213,"Guizerix",82.55,5.5,9.5,3,7,18.3,11.2,2.2,3522.5,13426.5,20620
65218,"Hèches",78.2,5,10,3,6,19.4,10.15,2.6,3276,13039,20090
65220,"Hibarette",83,5,10,3,6.95,17.4,10.7,2.5,3156,12814,22890
65221,"Hiis",90.8,6,11,3,6.95,17.4,10.7,2.5,3156,12814,22880
65222,"Hitte",90.8,6,11,3,8.5,20.1,10.7,2.5,3156,12814,23950
65223,"Horgues",83,5,10,3,6.95,17.4,10.7,2.5,3156,12814,27410
65224,"Houeydets",90.75,6,11,3,6.9,16.7,10.15,2.6,3276,13039,22410
65225,"Hourc",90.8,6,11,3,8.5,20.1,11.75,1.8,3348,13243,24370
65226,"Ibos",83,5,10,3,6.95,17.4,10.7,2.5,3156,12814,24680
65228,"Ilhet",78.2,5,10,3,4.85,21.4,9.15,1.8,3276,13039,21340
65230,"Izaourt",61.25,5,6,3,0.9,11.4,11.1,2.2,3373,13106.5,23240
65231,"Izaux",92.8,6,11,3,6.45,16.15,10.15,2.6,3276,13039,23150
65233,"Jarret",57.65,3.5,8,2,8.2,18.9,10.7,2.5,3156,12814,21430
65235,"Juillan",83,5,10,3,6.95,17.4,10.7,2.5,3156,12814,23630
65236,"Julos",83,5,10,3,6.95,17.4,10.7,2.5,3156,12814,23440
65237,"Juncalas",67.8,4,9,2,8.2,18.9,10.1,2,3156,12814,20950
65238,"Labassère",90.8,6,11,3,6.95,17.4,10.7,2.5,3156,12814,21200
65239,"Labastide",91.25,5,11,3,6,19.4,10.15,2.6,3276,13039,20320
65240,"Labatut-Rivière",70.6,3.5,5.5,2,5.1,14.9,11.75,1.8,3348,13243,20550
65242,"Lacassagne",82.55,5.5,9.5,3,7.35,19.05,11.75,1.8,3348,13243,22310
65243,"Lafitole",65.4,4,9,2,8.3,20.5,11.75,1.8,3348,13243,21110
65244,"Lagarde",83,5,10,3,7.35,19.05,11.75,1.8,3348,13243,22690
65245,"Lagrange",90.75,6,11,3,6.9,16.7,10.15,2.6,3276,13039,24010
65247,"Arrayou-Lahitte",90.8,6,11,3,6.95,17.4,10.7,2.5,3156,12814,19970
65248,"Lahitte-Toupière",70.6,3.5,5.5,2,8.3,20.5,11.75,1.8,3348,13243,21990
65250,"Lalanne-Trie",82.55,5.5,9.5,3,8.7,19.7,11.2,2.2,3522.5,13426.5,23220
65251,"Laloubère",83,5,10,3,6.95,17.4,10.7,2.5,3156,12814,24580
65252,"Lamarque-Pontacq",81.9,5,10,2.5,7,18.5,11.2,2.1,3156,12814,23000
65254,"Laméac",82.55,5.5,9.5,3,8.7,19.7,11.75,1.8,3348,13243,18470
65256,"Lanespède",90.75,6,11,3,8.5,20.1,10.15,2.6,3276,13039,21690
65257,"Lanne",83,5,10,3,6.95,17.4,10.7,2.5,3156,12814,24540
65258,"Lannemezan",90.75,6,11,3,6.45,16.15,10.15,2.6,3276,13039,20400
65259,"Lansac",90.8,6,11,3,8.5,20.1,10.7,2.5,3156,12814,23320
65262,"Larreule",70.6,3.5,5.5,2,8.3,20.5,11.75,1.8,3348,13243,19650
65264,"Lascazères",70.6,3.5,5.5,2,7.55,19.9,11.3,1.3,3329,12938,21960
65265,"Laslades",90.8,6,11,3,8.5,20.1,10.7,2.5,3156,12814,24400
65267,"Lau-Balagnas",67.8,4,9,2,8.2,18.9,10.1,2,3156,12814,22340
65268,"Layrisse",83,5,10,3,6.95,17.4,10.7,2.5,3156,12814,24130
65269,"Lescurry",82.55,5.5,9.5,3,7.35,19.05,11.75,1.8,3348,13243,21510
65270,"Lespouey",90.8,6,11,3,8.5,20.1,10.7,2.5,3156,12814,24150
65271,"Lézignan",57.65,3.5,8,2,6.95,17.4,10.7,2.5,3156,12814,23060
65273,"Liac",65.4,4,9,2,7.35,19.05,11.75,1.8,3348,13243,20800
65274,"Libaros",90.75,6,11,3,6.9,16.7,10.15,2.6,3276,13039,19250
65276,"Lizos",83,5,10,3,8.5,20.1,11.75,1.8,3348,13243,22080
65279,"Lortet",92.8,6,11,3,6,19.4,10.15,2.6,3276,13039,22630
65280,"Loubajac",81.9,5,10,2.5,7,18.5,10.7,2.5,3156,12814,22450
65281,"Loucrup",90.8,6,11,3,6.95,17.4,10.7,2.5,3156,12814,22290
65282,"Loudenvielle",115.75,7,12,4,0.2,7.3,6.8,1.8,3285,12622,21760
65284,"Louey",83,5,10,3,6.95,17.4,10.7,2.5,3156,12814,25300
65285,"Louit",82.55,5.5,9.5,3,7.35,19.05,11.75,1.8,3348,13243,24430
65286,"Lourdes",57.65,3.5,8,2,7,18.5,10.7,2.5,3156,12814,18810
65287,"Loures-Barousse",61.25,5,6,3,0.9,11.4,11.1,2.2,3373,13106.5,20020
65290,"Luc",86.5,5,9,2,8.5,20.1,10.15,2.6,3276,13039,22370
65291,"Lugagnan",67.8,4,9,2,8.2,18.9,10.1,2,3156,12814,21740
65292,"Luquet",93.9,6,11,3,7.15,17.95,11.2,2.1,3156,12814,23560
65294,"Lutilhous",90.75,6,11,3,6.9,16.7,10.15,2.6,3276,13039,24650
65296,"Madiran",70.6,3.5,5.5,2,7.55,19.9,11.3,1.3,3329,12938,21120
65299,"Marsac",83,5,10,3,7.35,19.05,11.75,1.8,3348,13243,22980
65301,"Marseillan",82.55,5.5,9.5,3,8.5,20.1,11.75,1.8,3348,13243,22740
65303,"Mascaras",90.8,6,11,3,8.5,20.1,10.7,2.5,3156,12814,22920
65304,"Maubourguet",70.6,3.5,5.5,2,8.3,20.5,11.75,1.8,3348,13243,20470
65305,"Mauléon-Barousse",61.25,5,6,3,0.9,11.4,9.9,1.6,3285,12622,22140
65306,"Mauvezin",91.25,5,11,3,8.5,20.1,10.15,2.6,3276,13039,26500
65307,"Mazères-de-Neste",73,5,9,3,6.55,18.25,11.1,2.2,3373,13106.5,23020
65310,"Mérilheu",86.5,5,9,2,8.5,20.1,10.15,2.6,3276,13039,21420
65313,"Momères",83,5,10,3,6.95,17.4,10.7,2.5,3156,12814,25600
65314,"Monfaucon",65.4,4,9,2,8.3,20.5,11.75,1.8,3348,13243,20540
65315,"Monléon-Magnoac",73,5,9,3,7,18.3,11.2,2.2,3522.5,13426.5,21700
65316,"Monlong",73,5,9,3,7,18.3,11.2,2.2,3522.5,13426.5,19210
65318,"Montastruc",90.75,6,11,3,6.9,16.7,10.15,2.6,3276,13039,23270
65319,"Montégut",61.25,5,6,3,6.45,16.15,11.1,2.2,3373,13106.5,19640
65320,"Montgaillard",90.8,6,11,3,6.95,17.4,10.7,2.5,3156,12814,22920
65321,"Montignac",90.8,6,11,3,8.5,20.1,10.7,2.5,3156,12814,25280
65322,"Montoussé",92.8,6,11,3,6.45,16.15,10.15,2.6,3276,13039,21680
65324,"Moulédous",82.55,5.5,9.5,3,8.5,20.1,10.15,2.6,3276,13039,23520
65327,"Nestier",92.8,6,11,3,6.45,16.15,10.15,2.6,3276,13039,20720
65329,"Nistos",78.2,5,10,3,0.9,11.4,10.15,2.6,3276,13039,18260
65330,"Nouilhan",70.6,3.5,5.5,2,8.3,20.5,11.75,1.8,3348,13243,22360
65331,"Odos",83,5,10,3,6.95,17.4,10.7,2.5,3156,12814,25910
65332,"Oléac-Debat",83,5,10,3,8.5,20.1,11.75,1.8,3348,13243,24600
65333,"Oléac-Dessus",86.5,5,9,2,8.5,20.1,10.15,2.6,3276,13039,24500
65334,"Omex",67.8,4,9,2,8.2,18.9,10.1,2,3156,12814,23240
65335,"Ordizan",90.8,6,11,3,8.5,20.1,10.7,2.5,3156,12814,23700
65338,"Orignac",86.5,5,9,2,8.5,20.1,10.7,2.5,3156,12814,19700
65339,"Orincles",83,5,10,3,6.95,17.4,10.7,2.5,3156,12814,22860
65340,"Orleix",83,5,10,3,7.35,19.05,11.75,1.8,3348,13243,23160
65341,"Oroix",92.5,5,10.5,3,7.15,17.95,11.2,2.1,3348,13243,19990
65343,"Ossen",67.8,4,9,2,8.2,18.9,10.1,2,3156,12814,21570
65344,"Ossun",57.65,3.5,8,2,6.95,17.4,10.7,2.5,3156,12814,22930
65346,"Oueilloux",86.5,5,9,2,8.5,20.1,10.7,2.5,3156,12814,21390
65350,"Oursbelille",83,5,10,3,7.35,19.05,11.75,1.8,3348,13243,24060
65352,"Ouzous",67.8,4,9,2,8.2,18.9,10.1,2,3156,12814,23750
65353,"Ozon",86.5,5,9,2,8.5,20.1,10.15,2.6,3276,13039,21060
65357,"Peyraube",86.5,5,9,2,8.5,20.1,10.15,2.6,3276,13039,25390
65360,"Peyrouse",116.45,7,11,4,7,18.5,11.2,2.1,3156,12814,22500
65362,"Pierrefitte-Nestalas",67.8,4,9,2,6.45,18.45,10.1,2,3156,12814,20030
65363,"Pinas",90.75,6,11,3,6.45,16.15,10.15,2.6,3276,13039,22940
65366,"Poueyferré",57.65,3.5,8,2,7,18.5,10.7,2.5,3156,12814,22470
65367,"Poumarous",86.5,5,9,2,8.5,20.1,10.15,2.6,3276,13039,23830
65369,"Pouyastruc",82.55,5.5,9.5,3,8.5,20.1,11.75,1.8,3348,13243,23770
65370,"Pouzac",90.8,6,11,3,8.5,20.1,10.7,2.5,3156,12814,22760
65371,"Préchac",67.8,4,9,2,8.2,18.9,10.1,2,3156,12814,21490
65372,"Pujo",83,5,10,3,7.35,19.05,11.75,1.8,3348,13243,21420
65373,"Puntous",82.55,5.5,9.5,3,7,18.3,11.2,2.2,3522.5,13426.5,21950
65374,"Puydarrieux",82.55,5.5,9.5,3,7,18.3,11.2,2.2,3522.5,13426.5,20780
65375,"Rabastens-de-Bigorre",65.4,4,9,2,7.35,19.05,11.75,1.8,3348,13243,20430
65376,"Recurt",90.75,6,11,3,6.45,16.15,10.15,2.6,3276,13039,22640
65377,"Réjaumont",90.75,6,11,3,6.45,16.15,10.15,2.6,3276,13039,22520
65380,"Sabalos",83,5,10,3,7.35,19.05,11.75,1.8,3348,13243,23610
65383,"Sadournin",82.55,5.5,9.5,3,8.7,19.7,11.2,2.2,3522.5,13426.5,20180
65385,"Saint-Arroman",92.8,6,11,3,6.45,16.15,10.15,2.6,3276,13039,23840
65387,"Saint-Lanne",70.6,3.5,5.5,2,9.1,18.9,11.3,1.3,3329,12938,22180
65389,"Saint-Laurent-de-Neste",73,5,9,3,6.45,16.15,10.15,2.6,3276,13039,22600
65390,"Saint-Lézer",92.5,5,10.5,3,7.35,19.05,11.75,1.8,3348,13243,23680
65392,"Saint-Martin",83,5,10,3,6.95,17.4,10.7,2.5,3156,12814,24710
65393,"Saint-Pastous",67.8,4,9,2,8.2,18.9,10.1,2,3156,12814,24990
65394,"Saint-Paul",73,5,9,3,6.45,16.15,11.1,2.2,3373,13106.5,22690
65395,"Saint-Pé-de-Bigorre",116.45,7,11,4,7.1,18.6,10.1,2,3156,12814,21290
65396,"Saint-Savin",67.8,4,9,2,6.45,18.45,10.1,2,3156,12814,23060
65397,"Saint-Sever-de-Rustan",82.55,5.5,9.5,3,8.7,19.7,11.75,1.8,3348,13243,21970
65398,"Saléchan",77.2,5,9,2,0.9,11.4,11.1,2.2,3373,13106.5,19650
65401,"Salles-Adour",83,5,10,3,6.95,17.4,10.7,2.5,3156,12814,25900
65403,"Sanous",70.6,3.5,5.5,2,7.35,19.05,11.75,1.8,3348,13243,21840
65404,"Sariac-Magnoac",68.35,4,9,2,7,18.3,11.2,2.2,3522.5,13426.5,19240
65406,"Sarniguet",83,5,10,3,7.35,19.05,11.75,1.8,3348,13243,23540
65407,"Sarp",61.25,5,6,3,0.9,11.4,11.1,2.2,3373,13106.5,23230
65408,"Sarrancolin",78.2,5,10,3,4.85,21.4,9.15,1.8,3276,13039,21480
65409,"Sarriac-Bigorre",65.4,4,9,2,7.35,19.05,11.75,1.8,3348,13243,21320
65410,"Sarrouilles",83,5,10,3,8.5,20.1,10.7,2.5,3156,12814,24330
65412,"Sauveterre",65.4,4,9,2,8.3,20.5,11.75,1.8,3348,13243,20610
65415,"Ségus",67.8,4,9,2,8.2,18.9,10.1,2,3156,12814,23180
65417,"Séméac",83,5,10,3,6.95,17.4,10.7,2.5,3156,12814,22080
65418,"Sénac",82.55,5.5,9.5,3,7.35,19.05,11.75,1.8,3348,13243,24200
65422,"Séron",92.5,5,10.5,3,7.15,17.95,11.2,2.1,3348,13243,22530
65423,"Sère-Rustaing",82.55,5.5,9.5,3,8.5,20.1,10.15,2.6,3276,13039,24380
65425,"Siarrouy",83,5,10,3,7.35,19.05,11.75,1.8,3348,13243,22030
65426,"Sinzos",86.5,5,9,2,8.5,20.1,10.15,2.6,3276,13039,24670
65427,"Siradan",61.25,5,6,3,0.9,11.4,11.1,2.2,3373,13106.5,19230
65429,"Sombrun",70.6,3.5,5.5,2,8.3,20.5,11.75,1.8,3348,13243,21450
65432,"Soublecause",70.6,3.5,5.5,2,7.55,19.9,11.3,1.3,3329,12938,20480
65433,"Soues",83,5,10,3,6.95,17.4,10.7,2.5,3156,12814,21670
65436,"Souyeaux",90.8,6,11,3,8.5,20.1,10.7,2.5,3156,12814,23650
65437,"Tajan",90.75,6,11,3,6.45,16.15,10.15,2.6,3276,13039,22700
65439,"Tarasteix",92.5,5,10.5,3,7.35,19.05,11.75,1.8,3348,13243,21510
65440,"Tarbes",83,5,10,3,6.95,17.4,10.7,2.5,3156,12814,19070
65442,"Thermes-Magnoac",68.35,4,9,2,7.4,18.6,11.2,2.2,3522.5,13426.5,20090
65444,"Tibiran-Jaunac",61.25,5,6,3,6.55,18.25,11.1,2.2,3373,13106.5,24580
65445,"Tilhouse",91.25,5,11,3,6,19.4,10.15,2.6,3276,13039,25310
65446,"Tostat",83,5,10,3,7.35,19.05,11.75,1.8,3348,13243,20570
65447,"Tournay",86.5,5,9,2,8.5,20.1,10.15,2.6,3276,13039,22740
65451,"Trébons",90.8,6,11,3,6.95,17.4,10.7,2.5,3156,12814,22550
65452,"Trie-sur-Baïse",82.55,5.5,9.5,3,8.7,19.7,11.2,2.2,3522.5,13426.5,19820
65455,"Tuzaguet",92.8,6,11,3,6.45,16.15,10.15,2.6,3276,13039,23740
65456,"Uglas",90.75,6,11,3,6.45,16.15,10.15,2.6,3276,13039,23350
65460,"Vic-en-Bigorre",70.6,3.5,5.5,2,7.35,19.05,11.75,1.8,3348,13243,20710
65462,"Vidouze",70.6,3.5,5.5,2,10.2,18.3,11.75,1.8,3348,13243,19870
65464,"Vielle-Adour",90.8,6,11,3,8.5,20.1,10.7,2.5,3156,12814,23780
65467,"Vier-Bordes",67.8,4,9,2,8.2,18.9,10.1,2,3156,12814,21100
65470,"Viger",67.8,4,9,2,8.2,18.9,10.1,2,3156,12814,20210
65477,"Villenave-près-Marsac",83,5,10,3,7.35,19.05,11.75,1.8,3348,13243,22020
65479,"Visker",83,5,10,3,6.95,17.4,10.7,2.5,3156,12814,27470
65482,"Cantaous",92.8,6,11,3,6.45,16.15,10.15,2.6,3276,13039,22940
66002,"Alénya",28.95,2,4,1,10.2,19.3,12.1,3.4,4055,14416,22190
66003,"Amélie-les-Bains-Palalda",54.2,3,6,2,10,20.6,10.9,3.7,2808,11152,18280
66004,"Angles",48.2,4,8,1,1.5,12.3,6.9,3.6,4173,15741,22720
66005,"Angoustrine-Villeneuve-des-Escaldes",48.2,4,8,1,3.6,12.6,6.85,2.8,4173,15741,22010
66006,"Ansignan",40.5,2,6,1,9.6,18.9,10.85,3.7,3286,13667.5,15260
66007,"Arboussols",33.7,2,4.5,1,7.85,20.55,10.25,1.8,3137,12269.5,19140
66008,"Argelès-sur-Mer",33.2,2,3,1,12.3,17.95,12.3,8,4055,14416,21560
66011,"Bages",28.95,2,4,1,9.5,19.2,11.8,4.5,4099,14633.5,21580
66012,"Baho",29.25,2,4,1,10.8,19.45,11.4,4.5,4099,14633.5,22510
66014,"Baixas",29.25,2,4,1,10.8,19.45,11.4,4.5,4099,14633.5,21070
66015,"Banyuls-dels-Aspres",34.75,2,5,1,9.55,20.9,11.8,3.5,2808,11152,22210
66016,"Banyuls-sur-Mer",30.95,2,4,1,12.3,17.95,12.3,8,4055,14416,22380
66017,"Barcarès",29.5,2,4,1,10.2,19.3,12.1,3.4,4055,14416,20560
66019,"Bélesta",22.35,1,4.5,1,9.2,20.1,11.2,3.1,3286,13667.5,17990
66020,"Bolquère",55.9,4,7,2,3.9,14.7,7.15,2.8,4173,15741,23310
66021,"Bompas",27.8,2,4,1,10.2,19.3,12.1,3.4,4055,14416,21430
66023,"Bouleternère",22.35,1,4.5,1,9.2,20.1,11.2,3.1,2808,11152,19810
66024,"Boulou",34.75,2,5,1,9.55,20.9,11.8,3.5,2808,11152,20130
66025,"Bourg-Madame",49.15,3,7,1,3.9,14.7,7.15,2.8,4173,15741,20250
66026,"Brouilla",28.95,2,4,1,9.55,20.9,11.8,3.5,4099,14633.5,22360
66027,"Cabanasse",55.9,4,7,2,3.9,14.7,7.15,2.8,4173,15741,21230
66028,"Cabestany",28.95,2,4,1,10.2,19.3,12.1,3.4,4055,14416,23510
66029,"Caixas",36.1,2,5,1,10.9,19.3,10.75,3.3,2808,11152,27150
66030,"Calce",31.7,2,3,1,8.8,19.5,10.95,2.6,2808,11152,22550
66033,"Camélas",29.15,2,5,1,8.8,19.5,10.95,2.6,2808,11152,24890
66034,"Campôme",30.25,2,5,1,6.8,20,10.25,1.8,3137,12269.5,20450
66037,"Canet-en-Roussillon",27.8,2,4,1,10.2,19.3,12.1,3.4,4055,14416,22520
66038,"Canohès",22.75,2,3,1,10.8,19.45,11.4,4.5,4099,14633.5,23760
66039,"Caramany",40.5,2,6,1,9.6,18.9,10.85,3.7,3286,13667.5,16540
66041,"Cases-de-Pène",31.7,2,3,1,10.8,19.45,11.4,4.5,4099,14633.5,22680
66042,"Cassagnes",39.4,2,6,1,18.15,32.7,11.2,3.1,3286,13667.5,18450
66043,"Casteil",37.7,2,6,1,7.4,18.15,9.2,1.3,3137,12269.5,19030
66044,"Castelnou",30,2,5,1,8.8,19.5,10.95,2.6,2808,11152,23220
66045,"Catllar",31.5,2,5,1,6.8,20,10.25,1.8,3137,12269.5,21280
66046,"Caudiès-de-Fenouillèdes",51.3,3,7,2,9.7,19.4,10.8,4.6,3389,14179,18400
66048,"Cerbère",30.95,2,4,1,12.3,17.95,12.3,8,4055,14416,19880
66049,"Céret",45.2,3,5,1,10,20.6,10.9,3.7,2808,11152,21840
66050,"Claira",27.8,2,4,1,10.2,19.3,12.1,3.4,4055,14416,21850
66051,"Clara-Villerach",34.6,2,5,1,9.05,17.1,9.4,3.2,3137,12269.5,21850
66052,"Codalet",34.6,2,5,1,9.05,17.1,9.4,3.2,3137,12269.5,23300
66053,"Collioure",33.2,2,3,1,12.3,17.95,12.3,8,4055,14416,23370
66055,"Corbère",29.15,2,5,1,9.2,20.1,11.2,3.1,2808,11152,22600
66056,"Corbère-les-Cabanes",29.15,2,5,1,8.8,19.5,10.95,2.6,2808,11152,21840
66057,"Corneilla-de-Conflent",36,2,5,1,9.05,17.1,9.4,3.2,3137,12269.5,18980
66058,"Corneilla-la-Rivière",32.35,2,5,1,8.8,19.5,10.95,2.6,2808,11152,21830
66059,"Corneilla-del-Vercol",28.95,2,4,1,10.2,19.3,12.1,3.4,4055,14416,22360
66060,"Corsavy",30.7,2,4,1,7.6,17.25,9.65,1.8,3137,12269.5,19020
66062,"Dorres",49.15,3,7,1,3.6,12.6,6.85,2.8,4173,15741,22710
66063,"Cluses",49.2,3,5,2,10.5,19.3,11,3.5,2808,11152,23380
66064,"Égat",57.2,4,8,2,3.6,12.6,6.85,2.8,4173,15741,20860
66065,"Elne",28.95,2,4,1,9.55,20.9,12.1,3.4,4055,14416,19550
66066,"Enveitg",49.15,3,7,1,3.6,12.6,6.85,2.8,4173,15741,20910
66067,"Err",55.9,4,7,2,0.1,5.1,5,3.4,4173,15741,22370
66068,"Escaro",43.2,2,6,1,7.4,18.15,9.2,1.3,3137,12269.5,15010
66069,"Espira-de-l'Agly",29.25,2,4,1,10.8,19.45,11.4,4.5,4099,14633.5,20350
66070,"Espira-de-Conflent",33.7,2,4.5,1,6.8,20,10.25,1.8,3137,12269.5,20240
66071,"Estagel",31.7,2,3,1,8.8,19.5,10.95,2.6,2808,11152,18620
66072,"Estavar",57.2,4,8,2,3.9,14.7,7.15,2.8,4173,15741,21400
66073,"Estoher",66.2,4,7,2,1.4,8,5.5,1,3137,12269.5,19160
66074,"Eus",31.5,2,5,1,6.8,20,10.25,1.8,3137,12269.5,19780
66075,"Eyne",55.9,4,7,2,0.1,5.1,5,3.4,4173,15741,19540
66078,"Fillols",37.7,2,6,1,9.05,17.1,9.4,3.2,3137,12269.5,17030
66079,"Finestret",33.7,2,4.5,1,7.85,20.55,10.25,1.8,3137,12269.5,20330
66080,"Fontpédrouse",30,2,3,1,1.3,11.3,5,3.4,3137,12269.5,20750
66084,"Fourques",35.95,2,5,1,10.95,19.75,10.9,3.7,2808,11152,21750
66085,"Fuilla",43.2,2,6,1,7.4,18.15,9.2,1.3,3137,12269.5,20420
66088,"Ille-sur-Têt",22.35,1,4.5,1,9.2,20.1,11.2,3.1,2808,11152,19430
66089,"Joch",33.7,2,4.5,1,7.85,20.55,10.25,1.8,3137,12269.5,22370
66093,"Laroque-des-Albères",44.55,2,5,1,10.5,19.3,11,3.5,4099,14633.5,24270
66094,"Latour-Bas-Elne",33.2,2,3,1,10.2,19.3,12.1,3.4,4055,14416,23260
66095,"Latour-de-Carol",49.15,3,7,1,3.6,12.6,6.85,2.8,4173,15741,20710
66096,"Latour-de-France",31.7,2,3,1,18.15,32.7,10.5,2.1,3286,13667.5,19730
66097,"Lesquerde",40.5,2,6,1,9.6,18.9,10.85,3.7,3286,13667.5,20550
66098,"Llagonne",55.9,4,7,2,1.5,12.3,6.9,3.6,4173,15741,22850
66099,"Llauro",35.95,2,5,1,10.95,19.75,10.9,3.7,2808,11152,19530
66100,"Llo",55.9,4,7,2,0.1,5.1,5,3.4,4173,15741,20090
66101,"Llupia",22.75,2,3,1,8.8,19.5,10.95,2.6,2808,11152,23070
66103,"Marquixanes",31.5,2,5,1,6.8,20,10.25,1.8,3137,12269.5,18150
66104,"Masos",31.5,2,5,1,6.8,20,10.25,1.8,3137,12269.5,20530
66105,"Matemale",56.4,3,8,2,1.5,12.3,6.9,3.6,4173,15741,21100
66106,"Maureillas-las-Illas",66.5,3,5,2,10.5,19.3,11,3.5,2808,11152,21460
66107,"Maury",39.4,2,6,1,18.15,32.7,10.5,2.1,3286,13667.5,17280
66108,"Millas",32.35,2,5,1,8.8,19.5,10.95,2.6,2808,11152,19800
66109,"Molitg-les-Bains",30.25,2,5,1,6.8,20,10.25,1.8,3137,12269.5,21480
66111,"Montalba-le-Château",29.65,2,5,1,7.85,20.55,11.2,3.1,3286,13667.5,18050
66112,"Montauriol",46.8,2,5.5,1,10.9,19.3,10.75,3.3,2808,11152,22900
66113,"Montbolo",52.25,3,6,2,6.8,17,10.75,3.3,2808,11152,20160
66114,"Montescot",28.95,2,4,1,9.55,20.9,11.8,4.5,4099,14633.5,23020
66115,"Montesquieu-des-Albères",49.2,3,5,2,9.55,20.9,11,3.5,2808,11152,24410
66116,"Montferrer",59.45,3,6,2,7.4,17,9.65,1.8,3137,12269.5,16860
66117,"Mont-Louis",55.9,4,7,2,1.3,11.3,6.9,3.6,4173,15741,23190
66118,"Montner",31.7,2,3,1,8.8,19.5,10.95,2.6,2808,11152,21230
66119,"Mosset",30.25,2,5,1,6.9,16.15,9.4,3.2,3137,12269.5,16640
66121,"Néfiach",32.35,2,5,1,9.2,20.1,11.2,3.1,2808,11152,20890
66124,"Font-Romeu-Odeillo-Via",48.2,4,8,1,3.6,12.6,6.85,2.8,4173,15741,21580
66125,"Olette",63.8,4,6,2,1.3,11.3,6.9,3.6,3137,12269.5,17450
66126,"Oms",46.8,2,5.5,1,10.95,19.75,10.9,3.7,2808,11152,23890
66127,"Opoul-Périllos",33.4,2,5,1,9.9,19.8,11.5,3.5,4099,14633.5,21250
66129,"Ortaffa",28.95,2,4,1,9.55,20.9,11.8,3.5,4099,14633.5,21440
66130,"Osséja",49.15,3,7,1,3.9,14.7,7.15,2.8,4173,15741,21470
66132,"Palau-de-Cerdagne",49.15,3,7,1,3.9,14.7,7.15,2.8,4173,15741,21020
66133,"Palau-del-Vidre",28.95,2,4,1,9.55,20.9,11.8,3.5,4055,14416,21740
66134,"Passa",34.75,2,5,1,9.5,19.2,11.8,3.7,2808,11152,21530
66136,"Perpignan",29.25,2,4,1,10.8,19.45,11.4,4.5,4099,14633.5,17380
66137,"Perthus",49.2,3,5,2,10.5,19.3,11,3.5,2808,11152,14690
66138,"Peyrestortes",29.25,2,4,1,10.8,19.45,11.4,4.5,4099,14633.5,20120
66140,"Pézilla-la-Rivière",30,2,5,1,8.8,19.5,10.95,2.6,2808,11152,20970
66141,"Pia",29.25,2,4,1,10.8,19.45,11.4,4.5,4099,14633.5,20040
66144,"Pollestres",22.75,2,3,1,10.8,19.45,11.4,4.5,4099,14633.5,22380
66145,"Ponteilla",22.75,2,3,1,9.5,19.2,11.8,2.6,2808,11152,22740
66147,"Porté-Puymorens",66.5,4,6,2,3.6,12.6,6.85,2.8,4173,15741,24670
66148,"Port-Vendres",30.95,2,4,1,12.3,17.95,12.3,8,4055,14416,19900
66149,"Prades",34.6,2,5,1,6.8,20,10.25,1.8,3137,12269.5,19230
66150,"Prats-de-Mollo-la-Preste",75.5,4,7,3,3.9,11.4,7.05,3.1,3137,12269.5,19260
66154,"Puyvalador",50.1,3,8,1,1.5,12.3,6.9,3.6,4173,15741,20420
66156,"Rabouillet",61.7,4,8,2,6.9,16.15,10.25,1.8,3137,12269.5,18700
66158,"Rasiguères",39.4,2,6,1,18.15,32.7,10.85,3.7,3286,13667.5,18710
66160,"Reynès",54.2,3,6,2,10,20.6,10.9,3.7,2808,11152,22830
66161,"Ria-Sirach",34.6,2,5,1,9.05,17.1,9.4,3.2,3137,12269.5,20410
66162,"Rigarda",33.7,2,4.5,1,7.85,20.55,11.2,3.1,3137,12269.5,21920
66164,"Rivesaltes",29.25,2,4,1,10.8,19.45,11.4,4.5,4099,14633.5,20150
66166,"Sahorre",43.2,2,6,1,7.4,18.15,9.2,1.3,3137,12269.5,16520
66167,"Saillagouse",57.2,4,8,2,3.9,14.7,7.15,2.8,4173,15741,21720
66168,"Saint-André",44.55,2,5,1,9.55,20.9,11,3.5,4055,14416,22020
66169,"Saint-Arnac",40.5,2,6,1,9.6,18.9,10.85,3.7,3286,13667.5,19470
66170,"Sainte-Colombe-de-la-Commanderie",30,2,5,1,8.8,19.5,10.95,2.6,2808,11152,31710
66171,"Saint-Cyprien",33.2,2,3,1,10.2,19.3,12.1,3.4,4055,14416,22210
66172,"Saint-Estève",29.25,2,4,1,10.8,19.45,11.4,4.5,4099,14633.5,22170
66173,"Saint-Féliu-d'Amont",32.35,2,5,1,8.8,19.5,10.95,2.6,2808,11152,21980
66174,"Saint-Féliu-d'Avall",30,2,5,1,8.8,19.5,10.95,2.6,2808,11152,21220
66175,"Saint-Génis-des-Fontaines",28.95,2,4,1,9.55,20.9,11.8,3.5,4099,14633.5,22630
66176,"Saint-Hippolyte",27.8,2,4,1,10.2,19.3,12.1,3.4,4055,14416,22170
66177,"Saint-Jean-Lasseille",34.75,2,5,1,9.5,19.2,11.8,3.5,2808,11152,21770
66178,"Saint-Jean-Pla-de-Corts",35.95,2,5,1,10.95,19.75,10.9,3.7,2808,11152,22330
66180,"Saint-Laurent-de-la-Salanque",19.6,2,3,1,10.2,19.3,12.1,3.4,4055,14416,21060
66181,"Sainte-Léocadie",57.2,4,8,2,3.9,14.7,7.15,2.8,4173,15741,22710
66182,"Sainte-Marie-la-Mer",27.8,2,4,1,10.2,19.3,12.1,3.4,4055,14416,21460
66185,"Saint-Michel-de-Llotes",22.35,1,4.5,1,9.2,20.1,11.2,3.1,2808,11152,21400
66186,"Saint-Nazaire",28.95,2,4,1,10.2,19.3,12.1,3.4,4055,14416,22250
66187,"Saint-Paul-de-Fenouillet",42.4,3,6,1,9.7,19.4,10.8,4.6,3286,13667.5,17000
66188,"Saint-Pierre-dels-Forcats",55.9,4,7,2,0.1,5.1,5,3.4,4173,15741,20590
66189,"Saleilles",28.95,2,4,1,10.2,19.3,12.1,3.4,4055,14416,23510
66190,"Salses-le-Château",27.8,2,4,1,17.5,25.2,12.1,3.4,4055,14416,20390
66192,"Sauto",56,3.5,7,2,1.3,11.3,6.9,3.6,4173,15741,21170
66193,"Serdinya",43.2,2,6,1,7.4,18.15,9.2,1.3,3137,12269.5,16570
66194,"Serralongue",81,5,9,3,7.4,17,9.65,1.8,3137,12269.5,19360
66195,"Soler",22.75,2,3,1,8.8,19.5,10.95,2.6,2808,11152,21310
66196,"Sorède",44.55,2,5,1,10.5,19.3,11,3.5,4055,14416,23400
66198,"Sournia",40.2,3,6,1,6.8,20,10.25,1.8,3137,12269.5,19670
66199,"Taillet",54.2,3,6,2,6.8,17,10.75,3.3,2808,11152,19460
66202,"Targasonne",57.2,4,8,2,3.6,12.6,6.85,2.8,4173,15741,21610
66204,"Taurinya",37.7,2,6,1,1.4,8,5.5,1,3137,12269.5,20800
66205,"Tautavel",31.7,2,3,1,8.55,17.65,10.5,2.1,3286,13667.5,18740
66207,"Terrats",46.8,2,5.5,1,8.8,19.5,10.95,2.6,2808,11152,22180
66208,"Théza",28.95,2,4,1,10.2,19.3,12.1,3.4,4055,14416,21730
66210,"Thuir",30,2,5,1,8.8,19.5,10.95,2.6,2808,11152,21270
66211,"Tordères",35.95,2,5,1,10.95,19.75,10.9,3.7,2808,11152,21460
66212,"Torreilles",27.8,2,4,1,10.2,19.3,12.1,3.4,4055,14416,22080
66213,"Toulouges",22.75,2,3,1,10.8,19.45,11.4,4.5,4099,14633.5,22290
66214,"Tresserre",34.75,2,5,1,9.5,19.2,11.8,3.7,2808,11152,22160
66215,"Trévillach",40.2,3,6,1,7.85,20.55,10.25,1.8,3286,13667.5,20410
66217,"Trouillas",22.75,2,3,1,9.5,19.2,11.8,3.7,2808,11152,21790
66218,"Ur",49.15,3,7,1,3.6,12.6,6.85,2.8,4173,15741,22560
66222,"Vernet-les-Bains",37.7,2,6,1,7.4,18.15,9.2,1.3,3137,12269.5,19910
66223,"Villefranche-de-Conflent",36,2,5,1,9.05,17.1,9.4,3.2,3137,12269.5,14680
66224,"Villelongue-de-la-Salanque",27.8,2,4,1,10.2,19.3,12.1,3.4,4055,14416,21060
66225,"Villelongue-dels-Monts",49.2,3,5,2,9.55,20.9,11,3.5,2808,11152,22990
66226,"Villemolaque",22.75,2,3,1,9.5,19.2,11.8,3.7,2808,11152,21200
66227,"Villeneuve-de-la-Raho",28.95,2,4,1,10.8,19.45,11.4,4.5,4099,14633.5,24500
66228,"Villeneuve-la-Rivière",22.75,2,3,1,10.8,19.45,11.4,4.5,4099,14633.5,21980
66230,"Vinça",33.7,2,4.5,1,7.85,20.55,10.25,1.8,3137,12269.5,20510
66231,"Vingrau",31.7,2,3,1,9.9,19.8,11.5,3.5,4099,14633.5,18180
66233,"Vivès",35.95,2,5,1,10.95,19.75,10.9,3.7,2808,11152,21520
81001,"Aguts",63.1,4,8,2,9.5,17.6,11.4,4.6,3605,15422,25020
81002,"Aiguefonde",126.7,7,11,4,5.7,14,10.05,4.4,3031,12325.5,21090
81003,"Alban",88.85,5,10,3,8,18.6,10.7,3.2,3565.5,13621.5,20370
81004,"Albi",62.75,4,9,2,7.9,18.6,11.1,2.4,3511.5,13241.5,21650
81005,"Albine",104.75,6,11,3,5.5,14.8,11.2,4.5,3575,13240,19770
81006,"Algans",63.1,4,8,2,7.8,19.2,11.8,1.9,3455,13217,23590
81008,"Almayrac",66.8,4.5,8,2.5,8.1,16.4,10.5,3.6,3511.5,13241.5,20470
81010,"Ambialet",88.85,5,10,3,8,18.6,11.5,3.2,3565.5,13621.5,20940
81011,"Ambres",44.5,3,7.5,1,7.8,19.2,11.8,1.9,3455,13217,23980
81013,"Andouque",83.75,5,9.5,3,8.1,16.4,10.5,3.6,3511.5,13241.5,21140
81014,"Anglès",104.75,6,11,3,5.5,14.8,10.9,4.2,3575,13240,19600
81016,"Arfons",95,6,11,3,8,17.6,12,2.1,3031,12325.5,18010
81017,"Arifat",74.6,5,8,3,8,16.15,10.7,3.2,3565.5,13621.5,18170
81018,"Arthès",62.75,4,9,2,8.75,18.8,11.5,2.4,3511.5,13241.5,23520
81019,"Assac",83.75,5,9.5,3,8,18.6,10.5,3.6,3565.5,13621.5,18670
81020,"Aussac",58.25,3,8,2,5.4,17.5,11.05,2.4,3511.5,13241.5,22610
81021,"Aussillon",94.15,5.5,10,3,5.7,14,10.05,4.4,3575,13240,18530
81022,"Bannières",63.1,4,8,2,8.6,18.45,11.8,1.9,3455,13217,29020
81023,"Barre",79.15,4,9,2,7,14.8,9.6,5.3,3138,12100,17970
81024,"Beauvais-sur-Tescou",54.1,4,9,2,8.3,18.3,11.2,3,3239.5,12941.5,21770
81025,"Belcastel",63.1,4,8,2,7.8,19.2,11.8,1.9,3455,13217,28740
81026,"Bellegarde-Marsal",49,3,8,2,8.75,18.8,11.5,2.4,3511.5,13241.5,22060
81027,"Belleserre",91,5,10,3,9.5,17.15,12,2.1,3031,12325.5,23630
81028,"Berlats",74.6,5,7.5,3,6.35,14.8,10.7,3,3575,13240,17220
81029,"Bernac",44.75,3,8,1,8.55,19.05,11.05,2.4,3511.5,13241.5,24090
81030,"Bertre",63.1,4,8,2,7.8,19.2,11.8,1.9,3455,13217,23950
81031,"Bez",99.25,6,10,3,6.35,14.8,10.7,3,3575,13240,22380
81032,"Blan",91,5,10,3,9.5,17.15,12,2.1,3031,12325.5,21670
81033,"Blaye-les-Mines",60.1,4,8,2,7.9,18.6,11.1,2.4,3511.5,13241.5,19270
81034,"Boissezon",99.25,6,10,3,6.35,14.8,10.7,3,3575,13240,18090
81035,"Bournazel",58.5,4,8,2,7,19.4,11.1,2.4,3511.5,13241.5,21170
81036,"Bout-du-Pont-de-Larn",94.15,5.5,10,3,5.5,14.8,10.7,3,3575,13240,23140
81037,"Brassac",99.25,6,10,3,6.35,14.8,10.7,3,3575,13240,20980
81038,"Brens",51.85,3.5,8,1,8.15,19.9,11.6,2.4,3511.5,13241.5,23900
81039,"Briatexte",61.6,4,8,2,7.8,19.2,11.8,1.9,3455,13217,21110
81040,"Brousse",65.45,4,8,2,8.3,20.4,11.05,1.9,3455,13217,20420
81042,"Burlats",68.8,4,9,2,8,16.15,10.7,3.2,3565.5,13621.5,22910
81043,"Busque",61.6,4,8,2,5.4,17.5,11.05,1.9,3455,13217,22350
81044,"Cabanès",61.6,4,8,2,7.8,19.2,11.8,1.9,3455,13217,21780
81045,"Cabannes",58.5,4,8,2,7,19.4,11.1,1.7,3239.5,12941.5,17840
81046,"Cadalen",45.25,3,8,1,5.4,17.5,11.05,2.4,3511.5,13241.5,23820
81047,"Cadix",76.9,5,9,2,8,18.6,10.5,3.6,3565.5,13621.5,18870
81048,"Cagnac-les-Mines",28.2,2.5,5.5,1,7.9,18.6,11.1,2.4,3511.5,13241.5,21390
81049,"Cahuzac",91,5,10,3,8,17.6,12,2.1,3031,12325.5,20930
81050,"Cambon-lès-Lavaur",63.1,4,8,2,7.8,19.2,11.8,1.9,3455,13217,24320
81051,"Cahuzac-sur-Vère",56.1,4,8,2,7.4,18.6,11.1,1.7,3239.5,12941.5,20900
81052,"Cambon",49,3,8,2,8.75,18.8,11.5,2.4,3511.5,13241.5,25670
81053,"Cambounès",99.25,6,10,3,6.35,14.8,10.7,3,3575,13240,19730
81054,"Cambounet-sur-le-Sor",67.75,4,9,2,8,17.6,12,2.1,3031,12325.5,23650
81055,"Cammazes",91,5,10,3,9.2,17.2,12,2.1,3031,12325.5,19370
81056,"Campagnac",74.4,5,9,2,7.4,18.6,11.1,1.7,3239.5,12941.5,21910
81058,"Carbes",67.75,4,9,2,8.3,20.4,12,2.1,3031,12325.5,23980
81059,"Carlus",58.25,3,8,2,7.9,18.6,11.1,2.4,3511.5,13241.5,24090
81060,"Carmaux",60.1,4,8,2,8.1,16.4,10.5,3.6,3511.5,13241.5,19350
81061,"Castanet",44.75,3,8,1,8.55,19.05,11.6,2.4,3511.5,13241.5,24220
81062,"Fontrieu",102.75,6,10,4,6.35,14.8,10.7,3,3575,13240,19120
81063,"Castelnau-de-Lévis",44.75,3,8,1,7.9,18.6,11.1,2.4,3511.5,13241.5,24500
81064,"Castelnau-de-Montmiral",59.6,4,8,2,8,18.9,11.6,1.7,3239.5,12941.5,21490
81065,"Castres",68.8,4,9,2,8.3,20.4,12,2.1,3031,12325.5,20940
81066,"Caucalières",71.6,4,9,2,5.7,14,10.05,4.4,3031,12325.5,21450
81067,"Cestayrols",44.75,3,8,1,8.55,19.05,11.6,2.4,3511.5,13241.5,22220
81068,"Combefa",66.8,4.5,8,2.5,8.55,19.05,11.1,2.4,3511.5,13241.5,23080
81069,"Cordes-sur-Ciel",58.5,4,8,2,7,19.4,11.1,2.4,3511.5,13241.5,19430
81070,"Coufouleux",44.5,3,7.5,1,8.2,20.5,13,1.9,3455,13217,23620
81073,"Crespinet",49,3,8,2,8.75,18.8,11.5,3.6,3511.5,13241.5,22500
81074,"Cunac",49,3,8,2,8.75,18.8,11.5,2.4,3511.5,13241.5,24140
81075,"Cuq",67.75,4,9,2,8.3,20.4,12,2.1,3031,12325.5,22090
81076,"Cuq-Toulza",63.1,4,8,2,9.5,17.6,11.4,4.6,3605,15422,22200
81077,"Curvalle",64.9,4,9,2,8,18.6,10.7,3.2,3565.5,13621.5,17700
81078,"Damiatte",65.45,4,8,2,7.8,19.2,11.8,1.9,3455,13217,21040
81079,"Dénat",49,3,8,2,8.75,18.8,11.5,2.4,3511.5,13241.5,23140
81081,"Dourgne",95,6,11,3,8,17.6,12,2.1,3031,12325.5,21630
81083,"Durfort",91,5,10,3,9.5,17.15,12,2.1,3031,12325.5,19260
81084,"Escoussens",126.7,7,11,4,8,17.6,12,2.1,3031,12325.5,21870
81086,"Espérausses",74.6,5,7.5,3,6.35,14.8,10.7,3,3575,13240,16270
81087,"Fayssac",42,3,7.5,1,8.15,19.9,11.6,2.4,3511.5,13241.5,24000
81088,"Fauch",74.6,5,8,3,8.75,18.8,11.5,3.2,3565.5,13621.5,22900
81089,"Faussergues",83.75,5,9.5,3,8,18.6,10.5,3.6,3414,12630,18880
81090,"Fénols",58.25,3,8,2,5.4,17.5,11.05,2.4,3511.5,13241.5,22910
81092,"Fiac",61.6,4,8,2,7.8,19.2,11.8,1.9,3455,13217,24050
81093,"Florentin",58.25,3,8,2,5.4,17.5,11.05,2.4,3511.5,13241.5,23770
81096,"Fraysse",88.85,5,10,3,8,18.6,10.7,3.2,3565.5,13621.5,20800
81097,"Fréjairolles",49,3,8,2,8.75,18.8,11.5,2.4,3511.5,13241.5,25590
81098,"Fréjeville",67.75,4,9,2,8.3,20.4,12,2.1,3031,12325.5,25380
81099,"Gaillac",51.85,3.5,8,1,7.95,19.75,12,1.7,3239.5,12941.5,20780
81100,"Garrevaques",65.2,4,8,2,9.5,17.15,11.4,4.6,3605,15422,22920
81101,"Garric",28.2,2.5,5.5,1,8.75,18.8,11.5,2.4,3511.5,13241.5,22310
81102,"Garrigues",44.5,3,7.5,1,8.2,20.5,13,1.9,3455,13217,25450
81103,"Gijounet",74.6,5,7.5,3,4.4,13.7,9.3,3,3575,13240,21170
81104,"Giroussens",44.5,3,7.5,1,8.2,20.5,13,1.9,3455,13217,25680
81105,"Graulhet",61.6,4,8,2,5.4,17.5,11.05,1.9,3455,13217,18800
81106,"Grazac",44.5,3,7.5,1,8.2,20.5,13,3,3239.5,12941.5,25130
81108,"Itzac",74.4,5,9,2,7.4,18.6,11.1,1.7,3239.5,12941.5,21970
81109,"Jonquières",50,3,7,1,8.3,20.4,12,2.1,3031,12325.5,21980
81112,"Labastide-de-Lévis",52.6,3,8,1,8.55,19.05,11.6,2.4,3511.5,13241.5,23550
81114,"Labastide-Gabausse",28.2,2.5,5.5,1,8.55,19.05,11.1,2.4,3511.5,13241.5,24090
81115,"Labastide-Rouairoux",91.7,5,9,3,7.6,16.5,10.9,4.2,3575,13240,17620
81116,"Labastide-Saint-Georges",63.1,4,8,2,7.8,19.2,11.8,1.9,3455,13217,24120
81117,"Labessière-Candeil",61.6,4,8,2,5.4,17.5,11.05,2.4,3511.5,13241.5,22450
81118,"Laboulbène",50,3,7,1,8.3,20.4,10.7,3.2,3565.5,13621.5,25400
81119,"Laboutarie",50,3,7,1,8.3,20.4,11.05,2.4,3511.5,13241.5,20890
81120,"Labruguière",126.7,7,11,4,5.7,14,10.05,4.4,3031,12325.5,21070
81121,"Lacabarède",104.75,6,11,3,7.6,16.5,10.9,4.2,3575,13240,18140
81124,"Lacaune",106.3,6,10,4,4.4,13.7,9.3,5,3138,12100,21900
81125,"Lacaze",74.6,5,7.5,3,6.35,14.8,10.7,3,3575,13240,17220
81126,"Lacougotte-Cadoul",63.1,4,8,2,7.8,19.2,11.8,1.9,3455,13217,24360
81127,"Lacroisille",63.1,4,8,2,7.8,19.2,11.8,1.9,3455,13217,21740
81128,"Lacrouzette",69.35,4,7,2,8,16.15,10.7,3.2,3565.5,13621.5,21740
81129,"Lagardiolle",91,5,10,3,8,17.6,12,2.1,3031,12325.5,19460
81130,"Lagarrigue",71.6,4,9,2,8,16.15,10.7,3.2,3565.5,13621.5,22790
81131,"Lagrave",45.25,3,8,1,5.4,17.5,11.05,2.4,3511.5,13241.5,24610
81132,"Guitalens-L'Albarède",65.45,4,8,2,8.3,20.4,12,2.1,3031,12325.5,21250
81133,"Lamillarié",49,3,8,2,7.9,18.6,11.1,2.4,3511.5,13241.5,24160
81136,"Larroque",57,4,8,2,8.3,18.3,11.2,3,3239.5,12941.5,23810
81138,"Lasgraisses",58.25,3,8,2,5.4,17.5,11.05,2.4,3511.5,13241.5,21280
81139,"Lautrec",50,3,7,1,8.3,20.4,11.05,2.4,3511.5,13241.5,22500
81140,"Lavaur",63.1,4,8,2,7.8,19.2,11.8,1.9,3455,13217,22770
81141,"Lédas-et-Penthiès",83.75,5,9.5,3,8.1,16.4,10.5,3.6,3414,12630,20280
81142,"Lempaut",67.75,4,9,2,8,17.6,12,2.1,3031,12325.5,22090
81143,"Lescout",67.75,4,9,2,8,17.6,12,2.1,3031,12325.5,22110
81144,"Lescure-d'Albigeois",62.75,4,9,2,8.75,18.8,11.5,2.4,3511.5,13241.5,22770
81145,"Lisle-sur-Tarn",56.75,4,8,2,7.95,19.75,12,1.7,3239.5,12941.5,22120
81146,"Livers-Cazelles",58.5,4,8,2,7,19.4,11.1,2.4,3511.5,13241.5,20180
81147,"Lombers",50,3,7,1,7.9,18.6,11.1,2.4,3511.5,13241.5,21980
81149,"Loupiac",44.5,3,7.5,1,8.2,20.5,13,1.9,3455,13217,24060
81150,"Lugan",44.5,3,7.5,1,8.2,20.5,13,1.9,3455,13217,28100
81151,"Magrin",63.1,4,8,2,7.8,19.2,11.8,1.9,3455,13217,21700
81152,"Mailhoc",44.75,3,8,1,8.55,19.05,11.1,2.4,3511.5,13241.5,23060
81156,"Marssac-sur-Tarn",58.25,3,8,2,5.4,17.5,11.05,2.4,3511.5,13241.5,24090
81157,"Marzens",63.1,4,8,2,7.8,19.2,11.8,1.9,3455,13217,26340
81158,"Masnau-Massuguiès",64.9,4,9,2,8,18.6,10.7,3,3575,13240,16780
81159,"Massac-Séran",63.1,4,8,2,7.8,19.2,11.8,1.9,3455,13217,25530
81160,"Massaguel",95,6,11,3,8,17.6,12,2.1,3031,12325.5,20890
81161,"Massals",64.9,4,9,2,8,18.6,10.7,3.2,3565.5,13621.5,19730
81162,"Maurens-Scopont",63.1,4,8,2,7.8,19.2,11.8,1.9,3455,13217,25240
81163,"Mazamet",94.15,5.5,10,3,5.7,14,10.05,4.4,3575,13240,19140
81164,"Mézens",44.5,3,7.5,1,8.2,20.5,13,3,3239.5,12941.5,25560
81165,"Milhars",65.6,4,9,2,7,19.4,11.1,2.3,3239.5,12941.5,19270
81168,"Mirandol-Bourgnounac",72.7,5,9,2,8.1,16.4,10.5,3.6,3414,12630,20780
81170,"Monestiés",66.8,4.5,8,2.5,8.55,19.05,11.1,2.4,3511.5,13241.5,21810
81171,"Montans",56.75,4,8,2,7.95,19.75,12,1.9,3455,13217,23840
81173,"Montcabrier",63.1,4,8,2,8.6,18.45,11.8,1.9,3455,13217,26750
81174,"Montdragon",50,3,7,1,8.3,20.4,11.05,2.4,3511.5,13241.5,21780
81175,"Montdurausse",57.75,4,9,2,8.3,18.3,11.2,3,3239.5,12941.5,20280
81177,"Montfa",68.8,4,9,2,8.3,20.4,10.7,3.2,3565.5,13621.5,23330
81178,"Montgaillard",57,4,8,2,8.3,18.3,11.2,3,3239.5,12941.5,22450
81179,"Montgey",48.5,3,7,1,9.5,17.6,11.4,4.6,3605,15422,24220
81180,"Montirat",72.7,5,9,2,6.7,19.15,10.5,3.6,3310,12085,19490
81181,"Montpinier",50,3,7,1,8.3,20.4,10.7,3.2,3565.5,13621.5,22670
81182,"Montredon-Labessonnié",69.35,4,7,2,8,16.15,10.7,3.2,3565.5,13621.5,20100
81183,"Mont-Roc",74.6,5,8,3,8,16.15,10.7,3.2,3565.5,13621.5,20730
81185,"Montvalen",54.1,4,9,2,8.2,20.5,13,3,3239.5,12941.5,23320
81186,"Moularès",65.7,4,8,2,8.1,16.4,10.5,3.6,3414,12630,19570
81187,"Moulayrès",65.45,4,8,2,8.3,20.4,11.8,1.9,3455,13217,22090
81188,"Moulin-Mage",106.3,6,10,4,4.4,13.7,9.3,5,3138,12100,23150
81189,"Mouzens",63.1,4,8,2,9.5,17.6,11.4,4.6,3605,15422,25180
81190,"Mouzieys-Teulet",49,3,8,2,8.75,18.8,11.5,2.4,3511.5,13241.5,21950
81191,"Mouzieys-Panens",58.5,4,8,2,7,19.4,11.1,1.7,3239.5,12941.5,20140
81192,"Murat-sur-Vèbre",75.8,4,9,2,5.4,13.7,9.6,5.3,3138,12100,19590
81193,"Nages",110.3,5,10,3,5.9,12.7,9.3,5,3138,12100,21100
81195,"Navès",71.6,4,9,2,8,17.6,12,2.1,3031,12325.5,25080
81196,"Noailhac",71.6,4,9,2,6.35,14.8,10.7,3,3575,13240,22710
81197,"Noailles",44.75,3,8,1,8.55,19.05,11.1,2.4,3511.5,13241.5,21890
81198,"Orban",58.25,3,8,2,5.4,17.5,11.05,2.4,3511.5,13241.5,23550
81199,"Padiès",83.75,5,9.5,3,8.1,16.4,10.5,3.6,3414,12630,19830
81200,"Palleville",65.2,4,8,2,9.5,17.15,11.4,4.6,3605,15422,21450
81201,"Pampelonne",73.8,5,10,3,8.1,16.4,10.5,3.6,3414,12630,21380
81202,"Parisot",56.75,4,8,2,7.95,19.75,12,1.9,3455,13217,24610
81203,"Paulinet",88.85,5,10,3,8,18.6,10.7,3.2,3565.5,13621.5,19590
81204,"Payrin-Augmontel",71.6,4,9,2,5.7,14,10.05,4.4,3575,13240,22520
81205,"Péchaudier",63.1,4,8,2,9.5,17.6,11.4,4.6,3605,15422,22020
81206,"Penne",74.4,5,9,2,8,18.9,11.6,1.7,3239.5,12941.5,20360
81208,"Peyrole",56.75,4,8,2,7.95,19.75,12,1.9,3455,13217,24370
81209,"Pont-de-Larn",99.25,6,10,3,6.35,14.8,10.7,3,3575,13240,22740
81210,"Poudis",48.5,3,7,1,9.5,17.15,11.4,4.6,3605,15422,20730
81211,"Poulan-Pouzols",58.25,3,8,2,7.9,18.6,11.1,2.4,3511.5,13241.5,22820
81212,"Prades",65.45,4,8,2,7.8,19.2,11.8,1.9,3455,13217,23420
81214,"Puéchoursi",48.5,3,7,1,9.5,17.6,11.4,4.6,3605,15422,25990
81215,"Puybegon",61.6,4,8,2,7.8,19.2,11.8,1.9,3455,13217,23540
81216,"Puycalvel",67.75,4,9,2,8.3,20.4,11.05,2.1,3031,12325.5,19600
81217,"Puycelsi",59.6,4,8,2,8,18.9,11.6,1.7,3239.5,12941.5,19500
81218,"Puygouzon",49,3,8,2,7.9,18.6,11.1,2.4,3511.5,13241.5,25950
81219,"Puylaurens",65.45,4,8,2,9.5,17.15,12,2.1,3031,12325.5,21510
81220,"Rabastens",44.5,3,7.5,1,8.2,20.5,13,3,3239.5,12941.5,23190
81221,"Rayssac",94.8,6,10,3,8,16.15,10.7,3.2,3565.5,13621.5,18110
81222,"Réalmont",50,3,7,1,8.3,20.4,11.5,2.4,3511.5,13241.5,21240
81224,"Riols",69.4,4,9,2,7,19.4,11.1,2.3,3310,12085,16440
81225,"Rivières",52.6,3,8,1,8.15,19.9,11.6,2.4,3511.5,13241.5,23330
81227,"Roquecourbe",68.8,4,9,2,8,16.15,10.7,3.2,3565.5,13621.5,20930
81228,"Roquemaure",44.5,3,7.5,1,8.2,20.5,13,3,3239.5,12941.5,25330
81229,"Roquevidal",63.1,4,8,2,7.8,19.2,11.8,1.9,3455,13217,25670
81230,"Rosières",60.1,4,8,2,8.1,16.4,10.5,3.6,3511.5,13241.5,22620
81231,"Rouairoux",104.75,6,11,3,5.5,14.8,10.9,4.2,3575,13240,21350
81232,"Rouffiac",58.25,3,8,2,5.4,17.5,11.05,2.4,3511.5,13241.5,23700
81233,"Terre-de-Bancalié",74.6,5,8,3,8.75,18.8,11.5,3.2,3565.5,13621.5,21490
81235,"Saint-Affrique-les-Montagnes",71.6,4,9,2,8,17.6,12,2.1,3031,12325.5,23890
81236,"Saint-Agnan",44.5,3,7.5,1,8.2,20.5,13,1.9,3455,13217,24940
81237,"Saint-Amancet",91,5,10,3,8,17.6,12,2.1,3031,12325.5,22440
81238,"Saint-Amans-Soult",94.15,5.5,10,3,5.5,14.8,11.2,4.5,3575,13240,20420
81239,"Saint-Amans-Valtoret",104.75,6,11,3,5.5,14.8,10.7,3,3575,13240,21520
81242,"Saint-Avit",91,5,10,3,8,17.6,12,2.1,3031,12325.5,21680
81243,"Saint-Beauzile",74.4,5,9,2,7.4,18.6,11.1,1.7,3239.5,12941.5,22750
81244,"Saint-Benoît-de-Carmaux",66.8,4.5,8,2.5,8.55,19.05,11.1,2.4,3511.5,13241.5,18710
81245,"Saint-Christophe",58.5,4,8,2,7,19.4,11.1,1.9,3310,12085,16400
81246,"Sainte-Cécile-du-Cayrou",74.4,5,9,2,8,18.9,11.6,1.7,3239.5,12941.5,19820
81247,"Saint-Cirgue",83.75,5,9.5,3,8,18.6,11.5,3.6,3565.5,13621.5,16990
81248,"Saint-Gauzens",61.6,4,8,2,7.8,19.2,11.8,1.9,3455,13217,22650
81249,"Sainte-Gemme",60.1,4,8,2,8.1,16.4,10.5,3.6,3511.5,13241.5,21050
81250,"Saint-Genest-de-Contest",50,3,7,1,8.3,20.4,11.05,2.4,3511.5,13241.5,22710
81251,"Saint-Germain-des-Prés",67.75,4,9,2,8,17.6,12,2.1,3031,12325.5,22110
81252,"Saint-Germier",68.8,4,9,2,8.3,20.4,10.7,3.2,3565.5,13621.5,25050
81253,"Saint-Grégoire",49,3,8,2,8.75,18.8,11.5,2.4,3511.5,13241.5,22910
81254,"Saint-Jean-de-Marcel",65.7,4,8,2,8.1,16.4,10.5,3.6,3511.5,13241.5,21300
81255,"Saint-Jean-de-Rives",44.5,3,7.5,1,8.2,20.5,13,1.9,3455,13217,28420
81257,"Saint-Juéry",49,3,8,2,8.75,18.8,11.5,2.4,3511.5,13241.5,20770
81258,"Saint-Julien-du-Puy",50,3,7,1,8.3,20.4,11.05,2.4,3511.5,13241.5,21690
81259,"Saint-Julien-Gaulène",83.75,5,9.5,3,8.1,16.4,10.5,3.6,3511.5,13241.5,22010
81261,"Saint-Lieux-lès-Lavaur",44.5,3,7.5,1,8.2,20.5,13,1.9,3455,13217,25800
81262,"Saint-Marcel-Campes",58.5,4,8,2,7,19.4,11.1,2.4,3511.5,13241.5,22450
81263,"Saint-Martin-Laguépie",58.5,4,8,2,7,19.4,11.1,1.9,3310,12085,18880
81266,"Saint-Paul-Cap-de-Joux",65.45,4,8,2,7.8,19.2,11.8,1.9,3455,13217,21630
81267,"Saint-Pierre-de-Trivisy",94.8,6,10,3,8,16.15,10.7,3.2,3565.5,13621.5,19040
81269,"Saint-Salvy-de-la-Balme",96,6,10,3,6.35,14.8,10.7,3,3575,13240,21050
81270,"Saint-Sernin-lès-Lavaur",63.1,4,8,2,9.5,17.15,11.4,4.6,3605,15422,23410
81271,"Saint-Sulpice-la-Pointe",44.5,3,7.5,1,8.2,20.5,13,1.9,3455,13217,24520
81272,"Saint-Urcisse",57,4,8,2,8.3,18.3,11.2,3,3239.5,12941.5,18250
81273,"Saïx",67.75,4,9,2,8,17.6,12,2.1,3031,12325.5,23070
81274,"Saliès",49,3,8,2,7.9,18.6,11.1,2.4,3511.5,13241.5,25070
81275,"Salles",58.5,4,8,2,7,19.4,11.1,2.4,3511.5,13241.5,19630
81276,"Salvagnac",57,4,8,2,8.3,18.3,11.2,3,3239.5,12941.5,20360
81277,"Saussenac",62.75,4,9,2,8.75,18.8,11.5,3.6,3511.5,13241.5,21790
81278,"Sauveterre",104.75,6,11,3,7.6,16.5,10.9,4.2,3575,13240,20560
81279,"Sauzière-Saint-Jean",57,4,8,2,8.3,18.3,11.2,3,3239.5,12941.5,19450
81280,"Ségur",66.8,4.5,8,2.5,7,19.4,11.1,2.4,3511.5,13241.5,19960
81281,"Sémalens",67.75,4,9,2,8.3,20.4,12,2.1,3031,12325.5,22270
81283,"Senouillac",42,3,7.5,1,8.15,19.9,11.6,2.4,3511.5,13241.5,22670
81284,"Sequestre",28.2,2.5,5.5,1,7.9,18.6,11.1,2.4,3511.5,13241.5,22450
81285,"Sérénac",83.75,5,9.5,3,8.75,18.8,11.5,3.6,3511.5,13241.5,21060
81286,"Serviès",65.45,4,8,2,8.3,20.4,11.8,1.9,3455,13217,21860
81287,"Sieurac",58.25,3,8,2,5.4,17.5,11.05,2.4,3511.5,13241.5,21950
81288,"Sorèze",91,5,10,3,9.5,17.15,12,2.1,3031,12325.5,21250
81289,"Soual",67.75,4,9,2,8,17.6,12,2.1,3031,12325.5,21550
81290,"Souel",58.5,4,8,2,7,19.4,11.1,2.4,3511.5,13241.5,21160
81291,"Taïx",28.2,2.5,5.5,1,7.9,18.6,11.1,2.4,3511.5,13241.5,22280
81292,"Tanus",65.7,4,8,2,8.1,16.4,10.5,3.6,3414,12630,20590
81293,"Tauriac",54.1,4,9,2,8.3,18.3,11.2,3,3239.5,12941.5,22670
81294,"Técou",45.25,3,8,1,7.95,19.75,12,1.9,3455,13217,24150
81295,"Teillet",74.6,5,8,3,8,16.15,10.7,3.2,3565.5,13621.5,19600
81297,"Terssac",58.25,3,8,2,7.9,18.6,11.1,2.4,3511.5,13241.5,25470
81298,"Teulat",63.1,4,8,2,8.6,18.45,11.8,1.9,3455,13217,25870
81299,"Teyssode",63.1,4,8,2,7.8,19.2,11.8,1.9,3455,13217,23340
81300,"Tonnac",74.4,5,9,2,7.4,18.6,11.1,1.7,3239.5,12941.5,20670
81303,"Trébas",76.9,5,9,2,8,18.6,10.5,3.6,3565.5,13621.5,19950
81304,"Trévien",66.8,4.5,8,2.5,8.55,19.05,10.5,3.6,3511.5,13241.5,20380
81305,"Vabre",93.8,6,10,3,6.35,14.8,10.7,3,3575,13240,18560
81306,"Valderiès",62.75,4,9,2,8.75,18.8,11.5,3.6,3511.5,13241.5,22000
81307,"Valdurenque",71.6,4,9,2,6.35,14.8,10.7,3,3575,13240,21800
81308,"Valence-d'Albigeois",83.75,5,9.5,3,8,18.6,10.5,3.6,3414,12630,20910
81309,"Vaour",74.4,5,9,2,8,18.9,11.6,1.7,3239.5,12941.5,16800
81310,"Veilhes",63.1,4,8,2,7.8,19.2,11.8,1.9,3455,13217,27950
81311,"Vénès",50,3,7,1,8.3,20.4,10.7,3.2,3565.5,13621.5,22420
81312,"Verdalle",126.7,7,11,4,8,17.6,12,2.1,3031,12325.5,21050
81313,"Verdier",56.1,4,8,2,7.4,18.6,11.1,1.7,3239.5,12941.5,21350
81314,"Viane",74.6,5,7.5,3,4.4,13.7,9.3,3,3575,13240,19960
81315,"Vielmur-sur-Agout",67.75,4,9,2,8.3,20.4,12,2.1,3031,12325.5,22920
81316,"Vieux",56.1,4,8,2,7.4,18.6,11.1,1.7,3239.5,12941.5,20590
81317,"Villefranche-d'Albigeois",88.85,5,10,3,8.75,18.8,11.5,3.2,3565.5,13621.5,22070
81318,"Villeneuve-lès-Lavaur",63.1,4,8,2,8.6,18.45,11.8,1.9,3455,13217,22860
81319,"Villeneuve-sur-Vère",44.75,3,8,1,8.55,19.05,11.6,2.4,3511.5,13241.5,23660
81320,"Vindrac-Alayrac",58.5,4,8,2,7,19.4,11.1,1.7,3239.5,12941.5,20790
81322,"Virac",44.75,3,8,1,8.55,19.05,11.1,2.4,3511.5,13241.5,20090
81323,"Viterbe",65.45,4,8,2,7.8,19.2,11.8,1.9,3455,13217,24160
81324,"Viviers-lès-Lavaur",63.1,4,8,2,7.8,19.2,11.8,1.9,3455,13217,25780
81325,"Viviers-lès-Montagnes",71.6,4,9,2,8,17.6,12,2.1,3031,12325.5,23600
81326,"Sainte-Croix",44.75,3,8,1,8.55,19.05,11.1,2.4,3511.5,13241.5,25110
82001,"Albefeuille-Lagarde",57.35,4,8,2,8.3,18.6,11.6,2.2,3433,13247,22150
82002,"Albias",61,5,9,3,8.2,18.35,12.6,2.4,3427,13114,21070
82003,"Angeville",58.6,4,10,2,9.2,18.8,12,2.1,3582,13430,22210
82004,"Asques",55.45,4,8,2,9.2,18.8,12,3.1,3522,13471,20990
82005,"Aucamville",47.9,3,7,1,8.4,18.9,11.6,3,3834,14927,23720
82007,"Auty",58,4,9,2,9.7,19.1,12.6,2.4,3427,13114,19560
82008,"Auvillar",55,4,8.5,2,9.4,18.6,12,3.1,3522,13471,21660
82010,"Bardigues",55,4,8.5,2,9.4,18.6,12,3.1,3522,13471,22340
82011,"Barry-d'Islemade",57.35,4,8,2,7.7,19.6,12,2.1,3582,13430,21210
82012,"Barthes",60.1,4,9,2,7.7,19.6,12,2.1,3582,13430,20930
82013,"Beaumont-de-Lomagne",49.35,4,8,1,9.2,18.8,11.6,3,3834,14927,20530
82014,"Beaupuy",47.9,3,7,1,8.4,18.9,11.6,3,3834,14927,24230
82015,"Belbèze-en-Lomagne",50.65,3,8,1,9.2,18.8,11.6,3,3834,14927,23190
82016,"Belvèze",51.3,3,8,1,9.3,18.6,11.4,3,3582,13430,22380
82017,"Bessens",49.1,3,8,1,8.4,18.9,11.6,3,3834,14927,24800
82018,"Bioule",64,4.5,10,2,8.2,18.35,12.6,2.4,3427,13114,22710
82019,"Boudou",55.35,4,8.5,2,7.7,19.6,12,2.1,3582,13430,22740
82020,"Bouillac",47.9,3,7,1,8.4,18.9,11.6,3,3834,14927,22250
82021,"Bouloc-en-Quercy",51.3,3,8,1,9.3,18.6,11.4,3,3582,13430,21790
82022,"Bourg-de-Visa",60.65,4,9,2,9.3,18.6,11.4,3,3582,13430,16950
82023,"Bourret",58.4,3.5,9.5,2,9.2,18.8,11.6,3,3834,14927,21590
82024,"Brassac",60.65,4,9,2,9.3,18.6,11.4,3,3582,13430,22510
82025,"Bressols",48.35,3,7,1,8.3,18.6,11.6,2.2,3433,13247,23430
82026,"Bruniquel",68,5,9,2,8.3,18.3,11.2,3,3239.5,12941.5,21520
82027,"Campsas",53,4,8,1,8.6,19.4,12.5,2.3,3593,13187,23920
82028,"Canals",60.3,4,9.5,2,8.6,19.4,12.5,2.3,3593,13187,25260
82029,"Castanet",69.4,4,9,2,6.7,19.15,10.6,1.9,3310,12085,22530
82030,"Castelferrus",48,3.5,6,1,9.2,18.8,12,2.1,3582,13430,19420
82031,"Castelmayran",58.6,4,10,2,9.2,18.8,12,2.1,3582,13430,20400
82032,"Castelsagrat",77.55,5,9.5,2,9.3,18.6,11.4,3,3582,13430,20130
82033,"Castelsarrasin",57.6,4,9,2,7.7,19.6,12,2.1,3582,13430,19970
82034,"Castéra-Bouzet",55,4,8.5,2,9.4,18.6,12,3.1,3522,13471,18050
82035,"Caumont",58.6,4,10,2,9.2,18.8,12,2.1,3582,13430,22620
82036,"Causé",51.25,3,8,1,9.2,18.8,12.2,3.2,3536.5,12600.5,19500
82037,"Caussade",62.25,4,10,1,8.2,18.35,12.6,2.4,3427,13114,19900
82038,"Caylus",68.3,4,9,2,7.8,18.9,11.1,2.3,3239.5,12941.5,19790
82039,"Cayrac",57.2,4,9,2,8.2,18.35,12.6,2.4,3427,13114,21340
82040,"Cayriech",67.8,4,8,2,7.8,18.9,11.1,2.3,3427,13114,22140
82041,"Cazals",65.9,4,9,2,7.8,18.9,11.1,2.3,3239.5,12941.5,19550
82042,"Cazes-Mondenard",59.9,4,9,2,9.4,18.9,11.4,3,3582,13430,18820
82043,"Comberouger",54.35,4,9,1.5,9.2,18.8,11.6,3,3834,14927,21390
82044,"Corbarieu",53,4,8,1,8.3,18.6,11.6,2.2,3433,13247,23660
82045,"Cordes-Tolosannes",58.4,3.5,9.5,2,9.2,18.8,12,2.1,3582,13430,21870
82048,"Dieupentale",60.3,4,9.5,2,8.6,19.4,12.5,2.3,3593,13187,23120
82049,"Donzac",42.2,3,6,1,9.5,19.5,12,3.1,3522,13471,22400
82050,"Dunes",51,3.5,9,2,9.5,19.5,12,3.1,3522,13471,23020
82051,"Durfort-Lacapelette",55.3,3,9,2,9.3,18.6,11.4,3,3582,13430,20130
82052,"Escatalens",58.4,3.5,9.5,2,7.7,19.6,12,2.1,3582,13430,22170
82053,"Escazeaux",54.35,4,9,1.5,9.2,18.8,11.6,3,3834,14927,22380
82054,"Espalais",77.55,5,9.5,2,9.4,18.6,12,3.1,3522,13471,21260
82055,"Esparsac",57.1,4,8,2,9.4,18.6,12,3.1,3522,13471,20790
82056,"Espinas",68.3,4,9,2,7.8,18.9,11.1,2.3,3239.5,12941.5,20420
82057,"Fabas",53,4,8,1,8.6,19.4,12.5,2.3,3593,13187,25600
82058,"Fajolles",50.65,3,8,1,9.2,18.8,12,2.1,3582,13430,22090
82059,"Faudoas",49.35,4,8,1,9.2,18.8,12,3.1,3522,13471,20090
82060,"Fauroux",60.65,4,9,2,9.3,18.6,11.4,3,3582,13430,17780
82061,"Féneyrols",65.6,4,9,2,7.8,18.9,11.1,2.3,3239.5,12941.5,18320
82062,"Finhan",49.1,3,8,1,8.4,18.9,11.6,3,3834,14927,22080
82063,"Garganvillar",50.65,3,8,1,9.2,18.8,12,2.1,3582,13430,20560
82064,"Gariès",54.35,4,9,1.5,9.2,18.8,11.6,3,3834,14927,22420
82065,"Gasques",51.9,3,9,1,9.5,19.5,12,2.1,3582,13430,24110
82066,"Génébrières",61,5,9,3,8.2,18.35,12.6,2.4,3427,13114,23070
82068,"Gimat",49.35,4,8,1,9.4,18.6,12,3.1,3522,13471,22170
82069,"Ginals",69.4,4,9,2,6.7,19.15,11.1,2.3,3310,12085,20030
82072,"Golfech",56.6,4,8,2,9.5,19.5,12,3.1,3522,13471,21940
82073,"Goudourville",77.55,5,9.5,2,7.7,19.6,12,2.1,3582,13430,22920
82074,"Gramont",53,4,8,2,9.4,18.6,12,3.1,3522,13471,21560
82075,"Grisolles",60.3,4,9.5,2,8.6,19.4,12.5,2.3,3593,13187,23580
82076,"Honor-de-Cos",56.7,3,8,2,8.3,18.6,11.6,2.2,3433,13247,22720
82077,"Labarthe",56.9,4,8.5,2,9.4,18.9,11.6,2.2,3433,13247,18950
82078,"Labastide-de-Penne",63.3,4,9,2,7.8,18.9,11.1,2.3,3709,14404,20770
82079,"Labastide-Saint-Pierre",53,4,8,1,8.3,18.6,11.6,2.2,3433,13247,21240
82080,"Labastide-du-Temple",60.1,4,9,2,7.7,19.6,12,2.1,3582,13430,21490
82081,"Labourgade",50.65,3,8,1,9.2,18.8,12,2.1,3582,13430,21010
82082,"Lacapelle-Livron",68.3,4,9,2,7.8,18.9,11.1,2.3,3310,12085,19330
82083,"Lachapelle",55,4,8.5,2,9.4,18.6,12,3.1,3522,13471,20180
82084,"Lacour",68.5,5,11,2.5,9.3,18.6,11.4,3,3582,13430,22010
82085,"Lacourt-Saint-Pierre",48.35,3,7,1,8.3,18.6,11.6,2.2,3433,13247,22880
82086,"Lafitte",50.65,3,8,1,9.2,18.8,12,2.1,3582,13430,21270
82087,"Lafrançaise",57.35,4,8,2,7.7,19.6,12,2.1,3582,13430,21300
82088,"Laguépie",58.5,4,8,2,7,19.4,11.1,1.9,3310,12085,19150
82089,"Lamagistère",64.5,5,10,2,9.5,19.5,12,3.1,3522,13471,20150
82090,"Lamothe-Capdeville",59.45,4,9,2,8.3,18.6,11.6,2.2,3433,13247,23030
82091,"Lamothe-Cumont",57.1,4,8,2,9.4,18.6,12,3.1,3522,13471,23590
82092,"Lapenche",63.3,4,9,2,9.7,19.1,12.6,2.4,3427,13114,20520
82093,"Larrazet",50.65,3,8,1,9.2,18.8,11.6,3,3834,14927,20310
82094,"Lauzerte",51.3,3,8,1,9.3,18.6,11.4,3,3582,13430,19890
82095,"Lavaurette",67.8,4,8,2,7.8,18.9,11.1,2.3,3427,13114,20420
82096,"Ville-Dieu-du-Temple",60.1,4,9,2,7.7,19.6,12,2.1,3582,13430,20900
82097,"Lavit",57.1,4,8,2,9.4,18.6,12,3.1,3522,13471,20920
82098,"Léojac",64.1,4,10,2,8.3,18.6,11.6,2.2,3433,13247,24530
82099,"Lizac",60.1,4,9,2,7.7,19.6,12,2.1,3582,13430,21190
82100,"Loze",70.4,4.5,9,2,7.8,18.9,11.1,2.3,3310,12085,20310
82101,"Malause",77.55,5,9.5,2,7.7,19.6,12,2.1,3582,13430,19440
82102,"Mansonville",55,4,8.5,2,9.4,18.6,12,3.1,3522,13471,19410
82103,"Marignac",49.35,4,8,1,9.4,18.6,12,3.1,3522,13471,23790
82104,"Marsac",57.1,4,8,2,9.4,18.6,12,3.1,3522,13471,21620
82105,"Mas-Grenier",52,3,8,1,8.4,18.9,11.6,3,3834,14927,21950
82106,"Maubec",51.25,3,8,1,9.4,18.6,12,3.1,3522,13471,21570
82108,"Meauzac",57.35,4,8,2,7.7,19.6,12,2.1,3582,13430,22030
82109,"Merles",63,4.5,11,2,7.7,19.6,12,2.1,3582,13430,22220
82110,"Mirabel",58,4,9,2,9.7,19.1,12.6,2.4,3427,13114,21670
82111,"Miramont-de-Quercy",58.8,4,8,2,9.3,18.6,11.4,3,3582,13430,19750
82112,"Moissac",44.5,3,6,2,7.7,19.6,12,2.1,3582,13430,19200
82113,"Molières",58.9,4,9,2,9.7,19.1,12.6,2.4,3427,13114,20340
82114,"Monbéqui",49.1,3,8,1,8.4,18.9,11.6,3,3834,14927,23400
82115,"Monclar-de-Quercy",57.75,4,9,2,8.3,18.3,11.2,3,3239.5,12941.5,20810
82116,"Montagudet",51.3,3,8,1,9.3,18.6,11.4,3,3582,13430,17790
82117,"Montaigu-de-Quercy",66.4,4,9,2,9.3,18.6,11.4,3,3582,13430,19300
82118,"Montaïn",50.65,3,8,1,9.2,18.8,11.6,3,3834,14927,21610
82119,"Montalzat",62.25,4,10,1,9.7,19.1,12.6,2.4,3427,13114,21990
82120,"Montastruc",56.7,3,8,2,8.3,18.6,11.6,2.2,3433,13247,21720
82121,"Montauban",65,5,12,2,8.3,18.6,11.6,2.2,3433,13247,21630
82122,"Montbarla",58.8,4,8,2,9.3,18.6,11.4,3,3582,13430,20110
82123,"Montbartier",48.35,3,7,1,8.6,19.4,12.5,2.3,3593,13187,22800
82124,"Montbeton",48.35,3,7,1,8.3,18.6,11.6,2.2,3433,13247,23110
82125,"Montech",48.35,3,7,1,8.4,18.9,11.6,3,3834,14927,22180
82126,"Monteils",62.25,4,10,1,8.2,18.35,12.6,2.4,3427,13114,22930
82127,"Montesquieu",58.8,4,8,2,9.3,18.6,11.4,3,3582,13430,20890
82128,"Montfermier",58.9,4,9,2,9.7,19.1,12.6,2.4,3427,13114,19970
82129,"Montgaillard",57.1,4,8,2,9.4,18.6,12,3.1,3522,13471,20940
82130,"Montjoi",60.65,4,9,2,9.5,19.5,11.4,3,3582,13430,24200
82131,"Montpezat-de-Quercy",60.7,4,8,2,14.1,25.4,12.6,2.4,3427,13114,21350
82132,"Montricoux",58.25,4,8.5,2,8.2,18.35,12.6,2.4,3427,13114,21000
82134,"Nègrepelisse",64,4.5,10,2,8.2,18.35,12.6,2.4,3427,13114,21280
82135,"Nohic",53,4,8,2,4.6,12.4,11.6,2.2,3433,13247,22830
82136,"Orgueil",53,4,8,1,8.3,18.6,11.6,2.2,3433,13247,22400
82137,"Parisot",69.4,4,9,2,6.7,19.15,11.1,2.3,3310,12085,18760
82138,"Perville",56.6,4,8,2,9.5,19.5,11.4,2,3582,13430,22360
82139,"Pin",63,4.5,11,2,9.2,18.8,12,2.1,3582,13430,23750
82140,"Piquecos",56.7,3,8,2,8.3,18.6,11.6,2.2,3433,13247,23050
82141,"Pommevic",77.55,5,9.5,2,7.7,19.6,12,2.1,3582,13430,19340
82142,"Pompignan",60.3,4,9.5,2,8.6,19.4,12.5,2.3,3593,13187,25360
82144,"Puycornet",56.7,3,8,2,8.3,18.6,11.6,2.2,3433,13247,21520
82145,"Puygaillard-de-Quercy",57.15,4,8,2,8.3,18.3,11.2,3,3239.5,12941.5,21010
82147,"Puylagarde",69.4,4,9,2,12.15,25.25,11.1,2.3,3310,12085,19940
82148,"Puylaroque",63.3,4,9,2,7.8,18.9,11.1,2.3,3427,13114,20110
82149,"Réalville",57.2,4,9,2,8.2,18.35,12.6,2.4,3427,13114,21240
82150,"Reyniès",53,4,8,1,8.3,18.6,11.6,2.2,3433,13247,23720
82151,"Roquecor",61.3,4,9,2,9.3,18.6,11.4,3,3582,13430,22480
82152,"Saint-Aignan",48,3.5,6,1,7.7,19.6,12,2.1,3582,13430,20760
82153,"Saint-Amans-du-Pech",61.3,4,9,2,9.5,19.5,11.4,2,3286,13089,21980
82154,"Saint-Amans-de-Pellagal",58.7,4,9,2,9.3,18.6,11.4,3,3582,13430,20860
82155,"Saint-Antonin-Noble-Val",65.9,4,9,2,7.8,18.9,11.1,2.3,3239.5,12941.5,18920
82156,"Saint-Arroumex",55.45,4,8,2,9.2,18.8,12,2.1,3582,13430,20970
82157,"Saint-Beauzeil",61.3,4,9,2,9.5,19.5,11.4,2,3286,13089,20820
82158,"Saint-Cirice",42.2,3,6,1,9.4,18.6,12,3.1,3522,13471,23910
82159,"Saint-Cirq",58.25,4,8.5,2,8.2,18.35,12.6,2.4,3427,13114,22720
82160,"Saint-Clair",77.55,5,9.5,2,7.7,19.6,12,2.1,3582,13430,22990
82161,"Saint-Étienne-de-Tulmont",61,5,9,3,8.3,18.6,11.6,2.2,3433,13247,22980
82162,"Saint-Georges",67.8,4,8,2,7.8,18.9,11.1,2.3,3427,13114,21720
82164,"Sainte-Juliette",58.7,4,9,2,9.4,18.9,11.4,3,3582,13430,20970
82165,"Saint-Loup",42.2,3,6,1,9.4,18.6,12,3.1,3522,13471,22740
82166,"Saint-Michel",55.45,4,8,2,9.2,18.8,12,3.1,3522,13471,22260
82167,"Saint-Nauphary",52.45,4,8,1.5,8.3,18.6,11.6,2.2,3433,13247,24590
82168,"Saint-Nazaire-de-Valentane",60.65,4,9,2,9.3,18.6,11.4,3,3582,13430,20200
82169,"Saint-Nicolas-de-la-Grave",58.6,4,10,2,7.7,19.6,12,2.1,3582,13430,21410
82170,"Saint-Paul-d'Espis",55.35,4,8.5,2,7.7,19.6,12,2.1,3582,13430,19710
82171,"Saint-Porquier",58.4,3.5,9.5,2,7.7,19.6,12,2.1,3582,13430,21850
82172,"Saint-Projet",70.4,4.5,9,2,12.15,25.25,11.1,2.3,3310,12085,19060
82173,"Saint-Sardos",58.4,3.5,9.5,2,9.2,18.8,11.6,3,3834,14927,21120
82174,"Saint-Vincent-d'Autéjac",58,4,9,2,9.7,19.1,12.6,2.4,3427,13114,21730
82175,"Saint-Vincent-Lespinasse",77.55,5,9.5,2,7.7,19.6,12,2.1,3582,13430,22280
82176,"Salvetat-Belmontet",52.45,4,8,1.5,8.2,18.35,12.6,2.4,3427,13114,23340
82177,"Sauveterre",63.1,4,9,2,9.4,18.9,11.4,3,3709,14404,18920
82178,"Savenès",47.9,3,7,1,8.4,18.9,11.6,3,3834,14927,24470
82179,"Septfonds",67.8,4,8,2,7.8,18.9,11.1,2.3,3427,13114,20290
82180,"Sérignac",50.65,3,8,1,9.2,18.8,11.6,3,3834,14927,21760
82181,"Sistels",51,3.5,9,2,9.4,18.6,12,3.1,3522,13471,20880
82182,"Touffailles",66.4,4,9,2,9.3,18.6,11.4,3,3582,13430,18690
82183,"Tréjouls",63.1,4,9,2,9.4,18.9,11.4,3,3582,13430,20260
82184,"Vaïssac",57.75,4,9,2,8.2,18.35,12.6,2.4,3427,13114,21640
82185,"Valeilles",61.3,4,9,2,8.25,19.65,11.4,2,3286,13089,20490
82186,"Valence",51.9,3,9,1,9.5,19.5,12,3.1,3522,13471,20040
82187,"Varen",69.4,4,9,2,7,19.4,11.1,2.3,3239.5,12941.5,17910
82188,"Varennes",52.45,4,8,1.5,8.3,18.6,11.6,2.2,3433,13247,23550
82189,"Vazerac",59.9,4,9,2,9.4,18.9,11.4,3,3582,13430,20530
82190,"Verdun-sur-Garonne",60.3,4,9.5,2,8.4,18.9,11.6,3,3834,14927,22480
82191,"Verfeil",69.4,4,9,2,7,19.4,11.1,2.3,3310,12085,18220
82192,"Verlhac-Tescou",52.45,4,8,1.5,8.3,18.3,11.2,3,3433,13247,22910
82193,"Vigueron",54.35,4,9,1.5,9.2,18.8,11.6,3,3834,14927,23410
82194,"Villebrumier",52.45,4,8,1.5,8.3,18.6,11.6,2.2,3433,13247,22620
82195,"Villemade",56.7,3,8,2,8.3,18.6,11.6,2.2,3433,13247,23050
9002,"Aigues-Vives",63.1,4,9,2,7,18.5,11,2.1,3718,13467,22110
9003,"Aiguillon",75.15,5,9,3,8,19.9,11,2.1,3718,13467,20480
9004,"Albiès",70.9,4.5,8,3,2.6,12.9,6.5,2.2,3163,12945,22040
9005,"Aleu",90.5,6,10,3,6,18.4,10.3,2,3208.5,12950,14500
9008,"Alos",103.25,6,10.5,3.5,6,18.4,10.3,2,3208.5,12950,16990
9009,"Alzen",95,6,10,3,6.85,17.55,10.5,1.9,3550,14132.5,14500
9014,"Argein",100.4,6,10,3,6.6,17.8,10.3,2,3208.5,12950,19720
9015,"Arignac",59.3,4,8,2,6.85,17.55,10.5,1.9,3163,12945,22630
9016,"Arnave",57.1,4,8,2,6.45,18.95,6.5,2.2,3163,12945,21190
9017,"Arrien-en-Bethmale",81.1,5,10,3,0.4,6.1,5.7,2.5,3208.5,12950,19720
9019,"Artigat",60.85,4,7,2,8,17.2,11.55,2.8,3550,14132.5,21150
9021,"Artix",63.1,4,8,2,6.4,18.7,10.5,1.9,3550,14132.5,22080
9022,"Arvigna",64.1,4,9,2,7.9,17.1,11.3,3,3718,13467,23590
9023,"Ascou",56.6,3,11,1,-1.8,6.45,8.5,2.7,4173,15741,15020
9024,"Aston",86.25,6,11,3,2.6,12.9,6.5,2.2,3163,12945,23480
9026,"Audressein",81.1,5,10,3,6.6,17.8,10.3,2,3208.5,12950,20860
9029,"Aulus-les-Bains",94.3,6,10,4,4.1,15.3,5.7,2.5,3163,12945,19140
9030,"Auzat",85.4,5,11,3,3.8,16.8,6.5,2.2,3163,12945,18660
9032,"Ax-les-Thermes",77.95,5,10,3,-1.8,6.45,6.5,2.2,3163,12945,21740
9035,"Balaguères",103.25,6,10.5,3.5,6.6,17.5,10.3,2,3208.5,12950,20490
9038,"Bastide-de-Besplas",74.7,5,10,3,8,17.2,11.55,2.8,3208.5,12950,19370
9039,"Bastide-de-Bousignac",62.9,4,8,2,7,18.5,11,2.1,3718,13467,21280
9040,"Bastide-de-Lordat",56.5,4,8,2,7.9,17.1,11.3,3,3718,13467,21680
9041,"Bastide-du-Salat",64.85,4,9,2,8.7,20.45,10.3,2,3208.5,12950,22140
9042,"Bastide-de-Sérou",84.6,5,10,3,7.75,19.8,11.55,2.8,3550,14132.5,18250
9043,"Bastide-sur-l'Hers",63.1,4,9,2,7,18.5,11,2.1,3718,13467,18740
9044,"Baulou",95,6,10,3,6.85,17.55,10.5,1.9,3718,13467,20890
9045,"Bédeilhac-et-Aynat",63.65,4,9,2,6.85,17.55,10.5,1.9,3163,12945,20750
9047,"Bélesta",75.15,5,9,3,8,19.9,8.5,2.7,3579,14012,19270
9049,"Bénac",79.2,5,9,3,6.85,17.55,10.5,1.9,3718,13467,22920
9050,"Benagues",62.85,4,8,2,6.4,18.7,10.5,1.9,3550,14132.5,24400
9051,"Bénaix",99.7,8,11,4,8,19.9,11,2.1,3718,13467,20150
9052,"Besset",62.9,4,8,2,7,18.5,11,2.1,3718,13467,24750
9054,"Betchat",79.8,5,10,3,8.7,20.45,10.3,2,3208.5,12950,21740
9056,"Bézac",63.1,4,8,2,6.4,18.7,11.6,3.2,3550,14132.5,23460
9057,"Biert",107.3,6,11,4,-0.75,13.35,10.3,2,3208.5,12950,15310
9058,"Bompas",57.8,4,8,2,6.45,18.95,10.5,1.9,3163,12945,21380
9059,"Bonac-Irazein",100.4,6,10,3,6.6,17.8,5.7,2.5,3208.5,12950,17100
9060,"Bonnac",63.1,4,8,2,6.4,18.7,11.6,3.2,3550,14132.5,20450
9061,"Bordes-sur-Arize",67.35,4,9,2,8,17.2,11.55,2.8,3208.5,12950,17670
9062,"Bordes-Uchentein",81.1,5,10,3,0.4,6.1,5.7,2.5,3208.5,12950,17000
9063,"Bosc",79.2,5,9,3,-0.75,13.35,10.5,1.9,3718,13467,14520
9065,"Boussenac",110,7,10,4,-0.75,13.35,10.5,1.9,3208.5,12950,17500
9066,"Brassac",79.2,5,9,3,6.85,17.55,10.5,1.9,3718,13467,21560
9067,"Brie",60,4,9,2,6.4,18.7,11.6,3.2,3550,14132.5,22030
9070,"Cabannes",70.9,4.5,8,3,6.45,18.95,6.5,2.2,3163,12945,24080
9071,"Cadarcet",95,6,10,3,6.85,17.55,10.5,1.9,3550,14132.5,20770
9073,"Camarade",67.35,4,9,2,7.75,19.8,11.55,2.8,3208.5,12950,16980
9074,"Camon",65.5,4,9,2,7,18.5,11,2.1,3579,14012,19380
9075,"Campagne-sur-Arize",67.35,4,9,2,8,17.2,11.55,2.8,3208.5,12950,19730
9076,"Canté",60,4,9,2,9,18.3,11.6,3.2,3550,14132.5,23460
9077,"Capoulet-et-Junac",73.3,5,9,2,3.8,16.8,6.5,2.2,3163,12945,20130
9079,"Carla-Bayle",60.85,4,7,2,8,17.2,11.55,2.8,3550,14132.5,19410
9080,"Carla-de-Roquefort",84.4,5,10,3,7.9,17.1,11.3,3,3718,13467,21760
9081,"Carlaret",62.85,4,8,2,9,18.3,11.6,3.2,3550,14132.5,20250
9082,"Castelnau-Durban",92.4,6,11,3,7.75,19.8,11.55,2.8,3208.5,12950,19370
9085,"Castillon-en-Couserans",81.1,5,10,3,6.6,17.5,10.3,2,3208.5,12950,19310
9086,"Caumont",76.6,5,10,2,6.6,17.5,10.3,2,3208.5,12950,21650
9091,"Cazavet",103.25,6,10.5,3.5,6.6,17.5,10.3,2,3208.5,12950,21550
9093,"Celles",89.35,6,10,3,6.45,18.95,10.5,1.9,3718,13467,18800
9094,"Cérizols",53.5,3,8,1.5,8.7,20.45,11.3,1.9,3208.5,12950,20560
9095,"Cescau",81.1,5,10,3,6.6,17.5,10.3,2,3208.5,12950,21750
9099,"Cos",73.4,5,9,2,6.85,17.55,10.5,1.9,3718,13467,25320
9101,"Coussa",58.8,4,9,2,7.9,17.1,11.3,3,3718,13467,23090
9102,"Coutens",62.9,4,8,2,7.9,17.1,11.3,3,3718,13467,17250
9103,"Crampagna",73.4,5,9,2,6.85,17.55,10.5,1.9,3718,13467,23030
9104,"Dalou",58.8,4,9,2,7.9,17.1,11.3,3,3718,13467,22510
9105,"Daumazan-sur-Arize",67.35,4,9,2,8,17.2,11.55,2.8,3208.5,12950,19230
9106,"Dreuilhe",63.1,4,9,2,7,18.5,11,2.1,3718,13467,21160
9107,"Dun",64.1,4,9,2,7.9,17.1,11.3,3,3718,13467,19790
9108,"Durban-sur-Arize",92.4,6,11,3,7.75,19.8,11.55,2.8,3208.5,12950,18800
9109,"Durfort",60.85,4,7,2,8,17.2,11.55,2.8,3550,14132.5,21790
9111,"Engomer",103.25,6,10.5,3.5,6.6,17.5,10.3,2,3208.5,12950,20040
9113,"Ercé",74.75,6,7,3,4.1,15.3,5.7,2.5,3208.5,12950,18920
9114,"Erp",90.5,6,10,3,6,18.4,10.3,2,3208.5,12950,17600
9115,"Esclagne",63.1,4,9,2,7,18.5,11,2.1,3718,13467,20830
9116,"Escosse",63.1,4,8,2,6.4,18.7,11.6,3.2,3550,14132.5,22100
9118,"Esplas-de-Sérou",92.4,6,11,3,-0.75,13.35,11.55,2.8,3208.5,12950,16000
9119,"Eycheil",38.3,4,7,0,6.6,17.5,10.3,2,3208.5,12950,21680
9120,"Fabas",74.7,5,10,3,8.7,20.45,11.3,1.9,3208.5,12950,19250
9121,"Ferrières-sur-Ariège",70.7,6,11,2,6.85,17.55,10.5,1.9,3718,13467,24090
9122,"Foix",74.6,5,9,2,6.85,17.55,10.5,1.9,3718,13467,20950
9123,"Fornex",74.7,5,10,3,8,17.2,11.55,2.8,3208.5,12950,20620
9124,"Fossat",60.85,4,7,2,8,17.2,11.55,2.8,3550,14132.5,20630
9125,"Fougax-et-Barrineuf",75.15,5,9,3,8,19.9,8.5,2.7,3718,13467,18510
9127,"Gabre",84.6,5,10,3,7.75,19.8,11.55,2.8,3550,14132.5,19640
9128,"Gajan",76.6,5,10,2,6.6,17.5,10.3,2,3208.5,12950,22770
9129,"Galey",91.7,6,10,3,6.6,17.8,11.3,1.8,3884,14003,15980
9130,"Ganac",79.2,5,9,3,6.85,17.55,10.5,1.9,3718,13467,21980
9131,"Garanou",70.9,4.5,8,3,6.45,18.95,6.5,2.2,3163,12945,23020
9132,"Gaudiès",48.5,3,7,1,7.85,18.1,11.9,3.3,3371,12963,21340
9136,"Gourbit",63.65,4,9,2,3.8,16.8,10.5,1.9,3163,12945,20640
9137,"Gudas",58.8,4,9,2,7.9,17.1,11.3,3,3718,13467,22710
9138,"Herm",84.4,5,10,3,7.9,17.1,11.3,3,3718,13467,21490
9140,"Ignaux",77.95,5,10,3,-1.8,6.45,8.5,2.7,3163,12945,23510
9142,"Ilhat",84.4,5,10,3,7.9,17.1,11.3,3,3718,13467,18560
9145,"Issards",64.1,4,9,2,7.9,17.1,11.3,3,3718,13467,23430
9147,"Labatut",60,4,9,2,9,18.3,11.6,3.2,3550,14132.5,23180
9148,"Lacave",64.85,4,9,2,8.7,20.45,10.3,2,3208.5,12950,25540
9149,"Lacourt",38.3,4,7,0,6,18.4,10.3,2,3208.5,12950,18670
9150,"Lagarde",65.5,4,9,2,7,18.5,11,2.1,3579,14012,19070
9153,"Lapenne",56.5,4,8,2,7.9,17.1,11.3,3,3718,13467,20140
9157,"Laroque-d'Olmes",63.1,4,9,2,7,18.5,11,2.1,3718,13467,19360
9158,"Lasserre",74.7,5,10,3,6.6,17.5,10.3,2,3208.5,12950,19170
9160,"Lavelanet",99.7,8,11,4,7,18.5,11,2.1,3718,13467,18140
9161,"Léran",63.1,4,9,2,7,18.5,11,2.1,3718,13467,19620
9164,"Lescure",90.5,6,10,3,6,18.4,10.3,2,3208.5,12950,21770
9165,"Lesparrou",75.15,5,9,3,8,19.9,11,2.1,3579,14012,19080
9166,"Leychert",84.4,5,10,3,7.9,17.1,11.3,3,3718,13467,21470
9167,"Lézat-sur-Lèze",51.7,4,8,2,8,17.2,11.55,2.8,3522.5,13496,21870
9168,"Lieurac",84.4,5,10,3,7.9,17.1,11.3,3,3718,13467,20050
9169,"Limbrassac",63.1,4,9,2,7,18.5,11,2.1,3718,13467,19420
9170,"Lissac",60,4,9,2,9,18.3,11.6,3.2,3550,14132.5,22290
9173,"Loubens",95,6,10,3,6.85,17.55,10.5,1.9,3550,14132.5,22390
9174,"Loubières",73.4,5,9,2,6.85,17.55,10.5,1.9,3718,13467,23670
9176,"Luzenac",77.1,5,10,3,2.6,12.9,6.5,2.2,3163,12945,22200
9177,"Madière",63.1,4,8,2,6.4,18.7,11.55,2.8,3550,14132.5,21910
9180,"Manses",70.8,4,8,2,7.9,17.1,11.3,3,3718,13467,21850
9181,"Mas-d'Azil",67.35,4,9,2,7.75,19.8,11.55,2.8,3208.5,12950,18510
9182,"Massat",110,7,10,4,-0.75,13.35,10.5,1.9,3208.5,12950,14390
9185,"Mazères",48.5,3,7,1,7.85,18.1,11.9,3.3,3371,12963,21990
9187,"Mercenac",76.6,5,10,2,6.6,17.5,10.3,2,3208.5,12950,23500
9188,"Mercus-Garrabet",57.8,4,8,2,6.45,18.95,10.5,1.9,3163,12945,21170
9189,"Mérens-les-Vals",101,6,11,4,-1.8,6.45,6.5,2.2,3163,12945,17550
9190,"Mérigon",74.7,5,10,3,6.6,17.5,10.3,2,3208.5,12950,17830
9192,"Miglos",73.3,5,9,2,6.45,18.95,6.5,2.2,3163,12945,18620
9194,"Mirepoix",70.8,4,8,2,11.1,23.8,11,2.1,3718,13467,20190
9198,"Montardit",74.7,5,10,3,6.6,17.5,10.3,2,3208.5,12950,20860
9199,"Montaut",49.75,3,8,1,9,18.3,11.6,3.2,3550,14132.5,22150
9202,"Montégut-Plantaurel",95,6,10,3,6.4,18.7,10.5,1.9,3550,14132.5,19280
9203,"Montels",95,6,10,3,6.85,17.55,10.5,1.9,3550,14132.5,20450
9204,"Montesquieu-Avantès",38.3,4,7,0,6.6,17.5,10.3,2,3208.5,12950,16390
9206,"Montferrier",111.2,6,11,4,6.45,18.95,6.5,2.2,3163,12945,19410
9207,"Montgailhard",70.7,6,11,2,6.85,17.55,10.5,1.9,3718,13467,22580
9208,"Montgauch",76.6,5,10,2,6.6,17.5,10.3,2,3208.5,12950,20650
9209,"Montjoie-en-Couserans",38.3,4,7,0,6.6,17.5,10.3,2,3208.5,12950,22580
9210,"Montoulieu",70.7,6,11,2,6.85,17.55,10.5,1.9,3718,13467,23330
9211,"Montségur",99.7,8,11,4,8,19.9,8.5,2.7,3163,12945,18490
9213,"Moulin-Neuf",65.5,4,9,2,7,18.5,11,2.1,3579,14012,19460
9214,"Moulis",103.25,6,10.5,3.5,6.6,17.5,10.3,2,3208.5,12950,20810
9215,"Nalzen",89.35,6,10,3,6.45,18.95,11.3,3,3718,13467,21490
9217,"Niaux",57.1,4,8,2,6.45,18.95,6.5,2.2,3163,12945,19690
9219,"Orgibet",85.95,5,10,3,6.6,17.8,10.3,2,3208.5,12950,18570
9220,"Orlu",77.95,5,10,3,-1.8,6.45,6.85,2.8,4173,15741,22310
9221,"Ornolac-Ussat-les-Bains",57.1,4,8,2,6.45,18.95,6.5,2.2,3163,12945,18890
9223,"Oust",96.1,6,12,3,6,18.4,5.7,2.5,3208.5,12950,19850
9224,"Pailhès",60.85,4,7,2,8,17.2,11.55,2.8,3550,14132.5,19120
9225,"Pamiers",54.1,4,8,2,6.4,18.7,11.6,3.2,3550,14132.5,19410
9227,"Péreille",111.2,6,11,4,7,18.5,11,2.1,3718,13467,23430
9228,"Perles-et-Castelet",77.1,5,10,3,2.6,12.9,6.5,2.2,3163,12945,24120
9229,"Peyrat",63.1,4,9,2,7,18.5,11,2.1,3718,13467,20700
9231,"Port",110,7,10,4,-0.75,13.35,10.5,1.9,3163,12945,13800
9234,"Pradières",70.7,6,11,2,6.85,17.55,10.5,1.9,3718,13467,21060
9235,"Prat-Bonrepaux",64.85,4,9,2,6.6,17.5,10.3,2,3208.5,12950,20330
9236,"Prayols",70.7,6,11,2,6.85,17.55,10.5,1.9,3718,13467,24700
9238,"Pujols",64.1,4,9,2,7.9,17.1,11.3,3,3718,13467,23380
9239,"Quérigut",73.2,4,9,2,1.5,12.3,6.9,3.6,4173,15741,20640
9240,"Quié",57.8,4,8,2,6.45,18.95,10.5,1.9,3163,12945,21490
9241,"Rabat-les-Trois-Seigneurs",121.4,7,11,4,3.8,16.8,10.5,1.9,3163,12945,20570
9244,"Rieucros",56.5,4,8,2,7.9,17.1,11.3,3,3718,13467,21160
9245,"Rieux-de-Pelleport",58.8,4,9,2,6.4,18.7,10.5,1.9,3718,13467,22400
9246,"Rimont",92.4,6,11,3,6,18.4,10.3,2,3208.5,12950,19220
9247,"Rivèrenert",90.5,6,10,3,6,18.4,10.3,2,3208.5,12950,17500
9249,"Roquefixade",89.35,6,10,3,7.9,17.1,11.3,3,3718,13467,24410
9251,"Roumengoux",62.9,4,8,2,7,18.5,11,2.1,3579,14012,19890
9253,"Sabarat",67.35,4,9,2,7.75,19.8,11.55,2.8,3550,14132.5,20750
9254,"Saint-Amadou",64.1,4,9,2,7.9,17.1,11.3,3,3718,13467,23430
9257,"Sainte-Croix-Volvestre",74.7,5,10,3,8.7,20.45,10.3,2,3208.5,12950,19690
9258,"Saint-Félix-de-Rieutord",58.8,4,9,2,7.9,17.1,11.3,3,3718,13467,24470
9259,"Saint-Félix-de-Tournegat",56.5,4,8,2,7.9,17.1,11.3,3,3718,13467,19940
9261,"Saint-Girons",38.3,4,7,0,6.6,17.5,10.3,2,3208.5,12950,20320
9262,"Saint-Jean-d'Aigues-Vives",75.15,5,9,3,8,19.9,11,2.1,3718,13467,20400
9264,"Saint-Jean-de-Verges",58.8,4,9,2,6.85,17.55,10.5,1.9,3718,13467,23300
9265,"Saint-Jean-du-Falga",62.85,4,8,2,6.4,18.7,11.6,3.2,3550,14132.5,21830
9267,"Saint-Lary",89.2,6,9,3,6.6,17.8,11.3,1.8,3884,14003,16860
9268,"Saint-Lizier",38.3,4,7,0,6.6,17.5,10.3,2,3208.5,12950,24330
9269,"Saint-Martin-de-Caralp",73.4,5,9,2,6.85,17.55,10.5,1.9,3718,13467,23990
9270,"Saint-Martin-d'Oydes",60,4,9,2,8,17.2,11.55,2.8,3550,14132.5,19450
9272,"Saint-Paul-de-Jarrat",70.7,6,11,2,6.45,18.95,10.5,1.9,3718,13467,21990
9273,"Saint-Pierre-de-Rivière",73.4,5,9,2,6.85,17.55,10.5,1.9,3718,13467,23660
9274,"Saint-Quentin-la-Tour",63.1,4,9,2,7,18.5,11,2.1,3718,13467,21940
9275,"Saint-Quirc",60,4,9,2,9,18.3,11.6,3.2,3550,14132.5,22410
9276,"Saint-Victor-Rouzaud",63.1,4,8,2,6.4,18.7,10.5,1.9,3550,14132.5,21420
9277,"Saint-Ybars",57.25,4,8,2,8,17.2,11.55,2.8,3522.5,13496,22050
9280,"Saurat",121.4,7,11,4,6.85,17.55,10.5,1.9,3163,12945,18790
9281,"Sautel",84.4,5,10,3,7,18.5,11,2.1,3718,13467,19090
9282,"Saverdun",54,4,8,1,9,18.3,11.6,3.2,3550,14132.5,21960
9283,"Savignac-les-Ormeaux",77.1,5,10,3,2.6,12.9,6.5,2.2,3163,12945,20690
9284,"Ségura",58.8,4,9,2,7.9,17.1,11.3,3,3718,13467,20420
9285,"Seix",93,6,11,3,0.4,6.1,5.7,2.5,3208.5,12950,18830
9289,"Lorp-Sentaraille",76.6,5,10,2,6.6,17.5,10.3,2,3208.5,12950,22190
9290,"Sentein",108.45,6.5,12,4,6.6,17.8,5.7,2.5,3208.5,12950,15350
9291,"Sentenac-d'Oust",82.85,5,10,3,0.4,6.1,5.7,2.5,3208.5,12950,14830
9293,"Serres-sur-Arget",79.2,5,9,3,6.85,17.55,10.5,1.9,3718,13467,21610
9295,"Siguer",69.7,5,10,2,3.8,16.8,6.5,2.2,3163,12945,20900
9296,"Aulos-Sinsat",70.9,4.5,8,3,6.45,18.95,6.5,2.2,3163,12945,20700
9299,"Soueix-Rogalle",83.6,6,10,3,6,18.4,10.3,2,3208.5,12950,20400
9300,"Soula",84.4,5,10,3,7.9,17.1,11.3,3,3718,13467,22710
9301,"Soulan",90.5,6,10,3,6,18.4,10.3,2,3208.5,12950,18140
9303,"Surba",59.3,4,8,2,6.85,17.55,10.5,1.9,3163,12945,24620
9305,"Tabre",63.1,4,9,2,7,18.5,11,2.1,3718,13467,21320
9306,"Tarascon-sur-Ariège",57.8,4,8,2,6.45,18.95,10.5,1.9,3163,12945,18950
9307,"Taurignan-Castet",76.6,5,10,2,6.6,17.5,10.3,2,3208.5,12950,21400
9308,"Taurignan-Vieux",76.6,5,10,2,6.6,17.5,10.3,2,3208.5,12950,23360
9309,"Teilhet",56.5,4,8,2,7.9,17.1,11.3,3,3718,13467,23800
9312,"Tour-du-Crieu",62.85,4,8,2,6.4,18.7,11.3,3,3718,13467,22710
9313,"Tourtouse",74.7,5,10,3,8.7,20.45,10.3,2,3208.5,12950,17840
9314,"Tourtrol",56.5,4,8,2,7.9,17.1,11.3,3,3718,13467,22190
9316,"Troye-d'Ariège",63.1,4,9,2,7,18.5,11,2.1,3718,13467,24860
9318,"Unac",77.1,5,10,3,2.6,12.9,6.5,2.2,3163,12945,21050
9321,"Ussat",57.1,4,8,2,6.45,18.95,6.5,2.2,3163,12945,22140
9322,"Ustou",74.75,6,7,3,4.1,15.3,5.7,2.5,3208.5,12950,18700
9324,"Varilhes",58.8,4,9,2,6.4,18.7,11.3,3,3718,13467,22180
9326,"Vèbre",70.9,4.5,8,3,6.45,18.95,6.5,2.2,3163,12945,21790
9327,"Ventenac",84.4,5,10,3,7.9,17.1,11.3,3,3718,13467,19560
9328,"Verdun",70.9,4.5,8,3,6.45,18.95,6.5,2.2,3163,12945,25280
9329,"Vernajoul",73.4,5,9,2,6.85,17.55,10.5,1.9,3718,13467,23270
9331,"Vernet",49.75,3,8,1,9,18.3,11.6,3.2,3550,14132.5,21320
9332,"Verniolle",58.8,4,9,2,6.4,18.7,11.3,3,3718,13467,23440
9334,"Val-de-Sos",82,6,10,2,3.8,16.8,6.5,2.2,3163,12945,20290
9336,"Villeneuve-d'Olmes",99.7,8,11,4,8,19.9,11,2.1,3718,13467,19990
9338,"Villeneuve-du-Latou",60.85,4,7,2,8,17.2,11.55,2.8,3550,14132.5,20890
9339,"Villeneuve-du-Paréage",49.75,3,8,1,9,18.3,11.6,3.2,3550,14132.5,23460
9340,"Vira",64.1,4,9,2,7.9,17.1,11.3,3,3718,13467,21380
9341,"Viviès",56.5,4,8,2,7.9,17.1,11.3,3,3718,13467,14940
9342,"Sainte-Suzanne",60.85,4,7,2,8,17.2,11.55,2.8,3550,14132.5,21790
